dataset	model	population_id	population_name	population	median_f1	mean_f1	median_precision	median_recall	median_support	n_runs
dataset_name-FR-FCM-Z238_infection_final_seed-42	cyanno	1	B Cell (CD27-)	B Cell (CD27-)	0.8884593253254693	0.8816672132292865	0.8829815751380524	0.8987285922671037	110209	5
dataset_name-FR-FCM-Z238_infection_final_seed-42	cyanno	10	CD4+ T Cell (Treg)	CD4+ T Cell (Treg)	0.7116310875899386	0.6989470180621344	0.8553552439597398	0.6324940933254578	53998	5
dataset_name-FR-FCM-Z238_infection_final_seed-42	cyanno	11	CD4- CD8- T Cell	CD4- CD8- T Cell	0.8897785387183315	0.8057720405272569	0.90855561773301	0.8884801537114505	165094	5
dataset_name-FR-FCM-Z238_infection_final_seed-42	cyanno	12	CD8+ T Cell (Central Memory)	CD8+ T Cell (Central Memory)	0.7214576744451092	0.6575343038602346	0.6820283370618941	0.7704253180352871	28946	5
dataset_name-FR-FCM-Z238_infection_final_seed-42	cyanno	13	CD8+ T Cell (EMRA)	CD8+ T Cell (EMRA)	0.47945504270062583	0.5148397657145406	0.7485331098072087	0.3932130352814436	40513	5
dataset_name-FR-FCM-Z238_infection_final_seed-42	cyanno	14	CD8+ T Cell (Effector Memory)	CD8+ T Cell (Effector Memory)	0.5880133324948116	0.5621058158743979	0.577082632582128	0.6231671554252199	7420	5
dataset_name-FR-FCM-Z238_infection_final_seed-42	cyanno	15	CD8+ T Cell (Naive)	CD8+ T Cell (Naive)	0.9130982136855036	0.8005447162208229	0.9484016645828279	0.8639436114789266	172943	5
dataset_name-FR-FCM-Z238_infection_final_seed-42	cyanno	16	Debris	Debris	NA	NA	NA	0	3465	5
dataset_name-FR-FCM-Z238_infection_final_seed-42	cyanno	17	Dendritic Cell (Type 1, CD141+)	Dendritic Cell (Type 1, CD141+)	0.25700103025194343	0.1951624043396756	0.40217452423478484	0.002009915583545491	7463	5
dataset_name-FR-FCM-Z238_infection_final_seed-42	cyanno	18	Dendritic Cell (Type 2, CD1c+)	Dendritic Cell (Type 2, CD1c+)	NA	NA	NA	0	461	5
dataset_name-FR-FCM-Z238_infection_final_seed-42	cyanno	19	Monocyte (CD14+ CD16+)	Monocyte (CD14+ CD16+)	0.77250750575116	0.7516880998345219	0.7445789018753054	0.8026129228276281	100186	5
dataset_name-FR-FCM-Z238_infection_final_seed-42	cyanno	2	B Cell (Memory)	B Cell (Memory)	0.8640520219467588	0.856237460619567	0.8569308400118729	0.8911491977495312	38985	5
dataset_name-FR-FCM-Z238_infection_final_seed-42	cyanno	20	Monocyte (CD14+ CD16-)	Monocyte (CD14+ CD16-)	0.9640697271280397	0.9592218939979066	0.9685150941294419	0.9596649810738737	678706	5
dataset_name-FR-FCM-Z238_infection_final_seed-42	cyanno	21	Monocyte (CD14- CD16+)	Monocyte (CD14- CD16+)	0.5839182242820626	0.6019450161559927	0.6808727387666129	0.4858572111671019	27095	5
dataset_name-FR-FCM-Z238_infection_final_seed-42	cyanno	22	NK Cell (CD56+ CD16+)	NK Cell (CD56+ CD16+)	0.9023805396009843	0.9050382765854744	0.8727498530471177	0.9599204828511209	211586	5
dataset_name-FR-FCM-Z238_infection_final_seed-42	cyanno	23	NK Cell (CD56+ CD16-)	NK Cell (CD56+ CD16-)	0.6978083111103262	0.7153492446823903	0.9302851223129989	0.5582920040128297	70398	5
dataset_name-FR-FCM-Z238_infection_final_seed-42	cyanno	24	Plasmacytoid Dendritic Cell	Plasmacytoid Dendritic Cell	0.9535366336633664	0.9535222542537661	0.9196423213106883	0.9912992851829091	30997	5
dataset_name-FR-FCM-Z238_infection_final_seed-42	cyanno	25	Ungated	Ungated	0.7989352328568659	0.7871026956981375	0.7919746159501606	0.8097655220452578	422924	5
dataset_name-FR-FCM-Z238_infection_final_seed-42	cyanno	3	B Cell (Plasmablast)	B Cell (Plasmablast)	0.7660786220308378	0.760886372676505	0.786833855799373	0.7070059611563362	15469	5
dataset_name-FR-FCM-Z238_infection_final_seed-42	cyanno	4	Basophil	Basophil	0.7552767619165686	0.7552767619165686	0.710006535827592	0	2334	5
dataset_name-FR-FCM-Z238_infection_final_seed-42	cyanno	5	CD4+ CD8+ T Cell	CD4+ CD8+ T Cell	0.7323936653272458	0.7143968994098897	0.6157793896263857	0.7287008966352077	186698	5
dataset_name-FR-FCM-Z238_infection_final_seed-42	cyanno	6	CD4+ T Cell (Central Memory)	CD4+ T Cell (Central Memory)	0.6947406885146831	0.6868810764358959	0.6796596414430809	0.6945645180747115	198103	5
dataset_name-FR-FCM-Z238_infection_final_seed-42	cyanno	7	CD4+ T Cell (EMRA)	CD4+ T Cell (EMRA)	0.3920721636386736	0.3635273184474005	0.44864937148970313	0.4447242841993637	7522	5
dataset_name-FR-FCM-Z238_infection_final_seed-42	cyanno	8	CD4+ T Cell (Effector Memory)	CD4+ T Cell (Effector Memory)	0.7085685905478879	0.6915169603795112	0.7082065037220096	0.6940867202268431	33856	5
dataset_name-FR-FCM-Z238_infection_final_seed-42	cyanno	9	CD4+ T Cell (Naive)	CD4+ T Cell (Naive)	0.7365888161544435	0.7168718928500086	0.694555751031544	0.8444171921320214	207118	5
dataset_name-FR-FCM-Z238_infection_final_seed-42	cygate	1	B Cell (CD27-)	B Cell (CD27-)	0.5716058002297617	0.6507140255156583	0.41126930820681346	0.9449906669870077	109674	5
dataset_name-FR-FCM-Z238_infection_final_seed-42	cygate	10	CD4+ T Cell (Treg)	CD4+ T Cell (Treg)	0.3656596050366636	0.3075776439408709	0.6213795042783111	0.2504502497261368	52177	5
dataset_name-FR-FCM-Z238_infection_final_seed-42	cygate	11	CD4- CD8- T Cell	CD4- CD8- T Cell	0.8463631343808042	0.8201128964609199	0.9390469400940139	0.8214628588983756	161173	5
dataset_name-FR-FCM-Z238_infection_final_seed-42	cygate	12	CD8+ T Cell (Central Memory)	CD8+ T Cell (Central Memory)	0.5950856516894253	0.5760555599866497	0.6309929106420475	0.5630450321658328	28691	5
dataset_name-FR-FCM-Z238_infection_final_seed-42	cygate	13	CD8+ T Cell (EMRA)	CD8+ T Cell (EMRA)	0.4792726429794851	0.49366106861362585	0.32457134883396416	0.7678093848772186	40113	5
dataset_name-FR-FCM-Z238_infection_final_seed-42	cygate	14	CD8+ T Cell (Effector Memory)	CD8+ T Cell (Effector Memory)	0.4505339334568882	0.38706821362980615	0.33466631703159827	0.45593500413109334	7387	5
dataset_name-FR-FCM-Z238_infection_final_seed-42	cygate	15	CD8+ T Cell (Naive)	CD8+ T Cell (Naive)	0.8647254410286433	0.8362652930172413	0.905632708385672	0.8744257719369658	171582	5
dataset_name-FR-FCM-Z238_infection_final_seed-42	cygate	16	Debris	Debris	NA	NA	NA	0	3376	5
dataset_name-FR-FCM-Z238_infection_final_seed-42	cygate	17	Dendritic Cell (Type 1, CD141+)	Dendritic Cell (Type 1, CD141+)	0.28714468433608564	0.2796712989293114	0.20377746784751483	0.46291609889040297	7344	5
dataset_name-FR-FCM-Z238_infection_final_seed-42	cygate	18	Dendritic Cell (Type 2, CD1c+)	Dendritic Cell (Type 2, CD1c+)	0.011809473822333029	0.011809473822333029	0.006232686980609419	0	401	5
dataset_name-FR-FCM-Z238_infection_final_seed-42	cygate	19	Monocyte (CD14+ CD16+)	Monocyte (CD14+ CD16+)	0.7423102900640733	0.7262802072358431	0.6630102683633615	0.8446627958910228	100134	5
dataset_name-FR-FCM-Z238_infection_final_seed-42	cygate	2	B Cell (Memory)	B Cell (Memory)	0.6346287241781853	0.6317537075129173	0.47302648171500633	0.9409385320396303	38914	5
dataset_name-FR-FCM-Z238_infection_final_seed-42	cygate	20	Monocyte (CD14+ CD16-)	Monocyte (CD14+ CD16-)	0.9542913878908461	0.9541438637679527	0.9620554189230733	0.9534490802403635	675102	5
dataset_name-FR-FCM-Z238_infection_final_seed-42	cygate	21	Monocyte (CD14- CD16+)	Monocyte (CD14- CD16+)	0.4577826106933362	0.462557740927252	0.36867919314727826	0.6699532573765703	26282	5
dataset_name-FR-FCM-Z238_infection_final_seed-42	cygate	22	NK Cell (CD56+ CD16+)	NK Cell (CD56+ CD16+)	0.8948094663669736	0.8840709049800576	0.8449572467704093	0.963456488002865	204059	5
dataset_name-FR-FCM-Z238_infection_final_seed-42	cygate	23	NK Cell (CD56+ CD16-)	NK Cell (CD56+ CD16-)	0.7905927488969884	0.7384900973266925	0.8091887222178591	0.7287428273343767	66660	5
dataset_name-FR-FCM-Z238_infection_final_seed-42	cygate	24	Plasmacytoid Dendritic Cell	Plasmacytoid Dendritic Cell	0.933558385760319	0.9298233424038762	0.8799672505044007	0.9964570709579152	30881	5
dataset_name-FR-FCM-Z238_infection_final_seed-42	cygate	25	Ungated	Ungated	0.24324377724124036	0.268534339910211	0.6360667934198562	0.15037498473189204	367524	5
dataset_name-FR-FCM-Z238_infection_final_seed-42	cygate	3	B Cell (Plasmablast)	B Cell (Plasmablast)	0.7467269146101263	0.7497668792904654	0.60346810174325	0.9820536941891599	13602	5
dataset_name-FR-FCM-Z238_infection_final_seed-42	cygate	4	Basophil	Basophil	0.7102885994110162	0.7102885994110162	0.565004209119563	0	2089	5
dataset_name-FR-FCM-Z238_infection_final_seed-42	cygate	5	CD4+ CD8+ T Cell	CD4+ CD8+ T Cell	0.5221318149890911	0.4453043227920972	0.5900546509504208	0.051578372122926576	185231	5
dataset_name-FR-FCM-Z238_infection_final_seed-42	cygate	6	CD4+ T Cell (Central Memory)	CD4+ T Cell (Central Memory)	0.6435651928354377	0.6291843012197865	0.6256108855870414	0.6722658379963684	194574	5
dataset_name-FR-FCM-Z238_infection_final_seed-42	cygate	7	CD4+ T Cell (EMRA)	CD4+ T Cell (EMRA)	0.15582006492502706	0.16110071266659157	0.12029596626621052	0.22111728575606904	7185	5
dataset_name-FR-FCM-Z238_infection_final_seed-42	cygate	8	CD4+ T Cell (Effector Memory)	CD4+ T Cell (Effector Memory)	0.633701194288306	0.5721217907103477	0.5449644741604283	0.677450634696756	32811	5
dataset_name-FR-FCM-Z238_infection_final_seed-42	cygate	9	CD4+ T Cell (Naive)	CD4+ T Cell (Naive)	0.6750030726011764	0.6862051622175523	0.5442377376507179	0.9468602841211357	203044	5
dataset_name-FR-FCM-Z238_infection_final_seed-42	dgcytof	1	B Cell (CD27-)	B Cell (CD27-)	0.8614746080841726	0.8457867064276928	0.837331803037181	0.8916987205717871	110209	5
dataset_name-FR-FCM-Z238_infection_final_seed-42	dgcytof	10	CD4+ T Cell (Treg)	CD4+ T Cell (Treg)	0.6556790859209635	0.6684137437244514	0.7172186456051858	0.6493307768887578	53998	5
dataset_name-FR-FCM-Z238_infection_final_seed-42	dgcytof	11	CD4- CD8- T Cell	CD4- CD8- T Cell	0.7967002859353673	0.7765492637419976	0.8321332408049965	0.9027039141337663	165094	5
dataset_name-FR-FCM-Z238_infection_final_seed-42	dgcytof	12	CD8+ T Cell (Central Memory)	CD8+ T Cell (Central Memory)	0.5630462932988022	0.5671879712840148	0.6088552148691844	0.71399355263614	28946	5
dataset_name-FR-FCM-Z238_infection_final_seed-42	dgcytof	13	CD8+ T Cell (EMRA)	CD8+ T Cell (EMRA)	0.4855927950769881	0.48396519480747335	0.6464909872815445	0.40243000788643535	40513	5
dataset_name-FR-FCM-Z238_infection_final_seed-42	dgcytof	14	CD8+ T Cell (Effector Memory)	CD8+ T Cell (Effector Memory)	0.44438716329423894	0.45109009210226947	0.4266798663531741	0.49696642847512473	7420	5
dataset_name-FR-FCM-Z238_infection_final_seed-42	dgcytof	15	CD8+ T Cell (Naive)	CD8+ T Cell (Naive)	0.8138599091499857	0.7603550731855452	0.9438181595392722	0.7345016669844626	172943	5
dataset_name-FR-FCM-Z238_infection_final_seed-42	dgcytof	16	Debris	Debris	NA	NA	NA	0	3465	5
dataset_name-FR-FCM-Z238_infection_final_seed-42	dgcytof	17	Dendritic Cell (Type 1, CD141+)	Dendritic Cell (Type 1, CD141+)	0.046487330389350406	0.08308259394632485	0.24473405354427497	0.01229946524064171	7463	5
dataset_name-FR-FCM-Z238_infection_final_seed-42	dgcytof	18	Dendritic Cell (Type 2, CD1c+)	Dendritic Cell (Type 2, CD1c+)	0.021459227467811162	0.021459227467811162	0.08333333333333333	0	461	5
dataset_name-FR-FCM-Z238_infection_final_seed-42	dgcytof	19	Monocyte (CD14+ CD16+)	Monocyte (CD14+ CD16+)	0.7358588085788393	0.7323509110592376	0.7227299970032963	0.7744044232861264	100186	5
dataset_name-FR-FCM-Z238_infection_final_seed-42	dgcytof	2	B Cell (Memory)	B Cell (Memory)	0.7846391403140967	0.8078781076336287	0.8432508285313349	0.7984475932485935	38985	5
dataset_name-FR-FCM-Z238_infection_final_seed-42	dgcytof	20	Monocyte (CD14+ CD16-)	Monocyte (CD14+ CD16-)	0.9596687030920565	0.9592692782144513	0.9538931488787632	0.9646452307927781	678706	5
dataset_name-FR-FCM-Z238_infection_final_seed-42	dgcytof	21	Monocyte (CD14- CD16+)	Monocyte (CD14- CD16+)	0.3694765580235263	0.3304771935840105	0.4393939393939394	0.40881628999776237	27095	5
dataset_name-FR-FCM-Z238_infection_final_seed-42	dgcytof	22	NK Cell (CD56+ CD16+)	NK Cell (CD56+ CD16+)	0.8856299238316719	0.8855904643161548	0.8387819115032373	0.9611269176599586	211586	5
dataset_name-FR-FCM-Z238_infection_final_seed-42	dgcytof	23	NK Cell (CD56+ CD16-)	NK Cell (CD56+ CD16-)	0.6787956708965541	0.696903662116991	0.8186991031852386	0.5611038107752957	70398	5
dataset_name-FR-FCM-Z238_infection_final_seed-42	dgcytof	24	Plasmacytoid Dendritic Cell	Plasmacytoid Dendritic Cell	0.9498443337484433	0.9494209145633409	0.9155538216847222	0.9932321376776564	30997	5
dataset_name-FR-FCM-Z238_infection_final_seed-42	dgcytof	25	Ungated	Ungated	0.7509517812076488	0.7416718301847198	0.7238302570241459	0.7390930364637707	422924	5
dataset_name-FR-FCM-Z238_infection_final_seed-42	dgcytof	3	B Cell (Plasmablast)	B Cell (Plasmablast)	0.6146799765120377	0.5718417978945759	0.7895213193885761	0.5032369719889751	15469	5
dataset_name-FR-FCM-Z238_infection_final_seed-42	dgcytof	4	Basophil	Basophil	0.6675326064123659	0.6675326064123659	0.7249825243630938	0	2334	5
dataset_name-FR-FCM-Z238_infection_final_seed-42	dgcytof	5	CD4+ CD8+ T Cell	CD4+ CD8+ T Cell	0.6954715088374833	0.6863750165361351	0.5970482387007826	0.7290222712616097	186698	5
dataset_name-FR-FCM-Z238_infection_final_seed-42	dgcytof	6	CD4+ T Cell (Central Memory)	CD4+ T Cell (Central Memory)	0.6554743993164815	0.652312582950183	0.6802978198806126	0.657068394659852	198103	5
dataset_name-FR-FCM-Z238_infection_final_seed-42	dgcytof	7	CD4+ T Cell (EMRA)	CD4+ T Cell (EMRA)	0.28819631022747627	0.27321694963058474	0.37082818294190356	0.22467428875299122	7522	5
dataset_name-FR-FCM-Z238_infection_final_seed-42	dgcytof	8	CD4+ T Cell (Effector Memory)	CD4+ T Cell (Effector Memory)	0.6533897149092893	0.6422500351047474	0.6070360419729305	0.7074078449905482	33856	5
dataset_name-FR-FCM-Z238_infection_final_seed-42	dgcytof	9	CD4+ T Cell (Naive)	CD4+ T Cell (Naive)	0.7201941364952623	0.6953671533482337	0.6823471708208856	0.814322386903032	207118	5
dataset_name-FR-FCM-Z238_infection_final_seed-42	random	1	B Cell (CD27-)	B Cell (CD27-)	0.0420243122093584	0.04201406127634833	0.03916465411459433	0.04533446722275499	110209	5
dataset_name-FR-FCM-Z238_infection_final_seed-42	random	10	CD4+ T Cell (Treg)	CD4+ T Cell (Treg)	0.02698329996983575	0.026736300936842358	0.019091807483932462	0.045407560543414056	53998	5
dataset_name-FR-FCM-Z238_infection_final_seed-42	random	11	CD4- CD8- T Cell	CD4- CD8- T Cell	0.051694733509665955	0.05148083435057297	0.05883210302048235	0.04616815838116548	165094	5
dataset_name-FR-FCM-Z238_infection_final_seed-42	random	12	CD8+ T Cell (Central Memory)	CD8+ T Cell (Central Memory)	0.016562428329686543	0.016771353166151796	0.010179220512982251	0.044159397981871046	28946	5
dataset_name-FR-FCM-Z238_infection_final_seed-42	random	13	CD8+ T Cell (EMRA)	CD8+ T Cell (EMRA)	0.0214987714987715	0.021769586312022707	0.013892196554735255	0.04633062501643396	40513	5
dataset_name-FR-FCM-Z238_infection_final_seed-42	random	14	CD8+ T Cell (Effector Memory)	CD8+ T Cell (Effector Memory)	0.005139961980598683	0.0051055578010260816	0.00273551479783243	0.04705411890162623	7420	5
dataset_name-FR-FCM-Z238_infection_final_seed-42	random	15	CD8+ T Cell (Naive)	CD8+ T Cell (Naive)	0.053384293741016595	0.0524903993330431	0.06163015019980708	0.0467784183228	172943	5
dataset_name-FR-FCM-Z238_infection_final_seed-42	random	16	Debris	Debris	NA	NA	NA	0	3465	5
dataset_name-FR-FCM-Z238_infection_final_seed-42	random	17	Dendritic Cell (Type 1, CD141+)	Dendritic Cell (Type 1, CD141+)	0.005144678349249693	0.005051523610166497	0.0027240117287920104	0.04435213721023717	7463	5
dataset_name-FR-FCM-Z238_infection_final_seed-42	random	18	Dendritic Cell (Type 2, CD1c+)	Dendritic Cell (Type 2, CD1c+)	2.4080842829499034e-4	2.4080842829499034e-4	1.2082610534310299e-4	0	461	5
dataset_name-FR-FCM-Z238_infection_final_seed-42	random	19	Monocyte (CD14+ CD16+)	Monocyte (CD14+ CD16+)	0.039433292914358355	0.03948766992617632	0.03541558108931615	0.04361960704881507	100186	5
dataset_name-FR-FCM-Z238_infection_final_seed-42	random	2	B Cell (Memory)	B Cell (Memory)	0.021482987126733098	0.02112149460013858	0.013911430558775794	0.04604335000641272	38985	5
dataset_name-FR-FCM-Z238_infection_final_seed-42	random	20	Monocyte (CD14+ CD16-)	Monocyte (CD14+ CD16-)	0.07646824101280517	0.07694401611650968	0.24052788073805548	0.04545197698107035	678706	5
dataset_name-FR-FCM-Z238_infection_final_seed-42	random	21	Monocyte (CD14- CD16+)	Monocyte (CD14- CD16+)	0.01603098181530781	0.015930727946411198	0.009633582460645555	0.044916036169034876	27095	5
dataset_name-FR-FCM-Z238_infection_final_seed-42	random	22	NK Cell (CD56+ CD16+)	NK Cell (CD56+ CD16+)	0.05761324170546073	0.056933720144806986	0.07522093157874427	0.04668518873347385	211586	5
dataset_name-FR-FCM-Z238_infection_final_seed-42	random	23	NK Cell (CD56+ CD16-)	NK Cell (CD56+ CD16-)	0.03234356908414113	0.03198431527300873	0.024471792157381676	0.04585357538566436	70398	5
dataset_name-FR-FCM-Z238_infection_final_seed-42	random	24	Plasmacytoid Dendritic Cell	Plasmacytoid Dendritic Cell	0.018093369659473186	0.01819127193413516	0.011322552012296767	0.04745620543923606	30997	5
dataset_name-FR-FCM-Z238_infection_final_seed-42	random	25	Ungated	Ungated	0.0680558565811066	0.06927599464332257	0.14913960841542015	0.04417180900914059	422924	5
dataset_name-FR-FCM-Z238_infection_final_seed-42	random	3	B Cell (Plasmablast)	B Cell (Plasmablast)	0.010005283538767128	0.009697824716784714	0.005545324469942287	0.045236419476613984	15469	5
dataset_name-FR-FCM-Z238_infection_final_seed-42	random	4	Basophil	Basophil	0.0015989885055139653	0.0015989885055139653	8.144770872529029e-4	0	2334	5
dataset_name-FR-FCM-Z238_infection_final_seed-42	random	5	CD4+ CD8+ T Cell	CD4+ CD8+ T Cell	0.05236142262095482	0.05185611301236269	0.06515845042343822	0.04161684730204034	186698	5
dataset_name-FR-FCM-Z238_infection_final_seed-42	random	6	CD4+ T Cell (Central Memory)	CD4+ T Cell (Central Memory)	0.05447844305113738	0.05530091361412362	0.07055530370082537	0.044457164663232206	198103	5
dataset_name-FR-FCM-Z238_infection_final_seed-42	random	7	CD4+ T Cell (EMRA)	CD4+ T Cell (EMRA)	0.004966018437521028	0.005006158160866211	0.0026158895796853845	0.04472620872230737	7522	5
dataset_name-FR-FCM-Z238_infection_final_seed-42	random	8	CD4+ T Cell (Effector Memory)	CD4+ T Cell (Effector Memory)	0.019630156472261736	0.019232030334868387	0.012173176669842278	0.04773156899810964	33856	5
dataset_name-FR-FCM-Z238_infection_final_seed-42	random	9	CD4+ T Cell (Naive)	CD4+ T Cell (Naive)	0.05632043400283744	0.056192859499313595	0.07349990130929666	0.0453415702894907	207118	5
dataset_name-FR-FCM-Z2KP_healthy_final_seed-42	cyanno	1	CD14 monocytes	CD14 monocytes	0.9952271383836756	0.9951827982827264	0.9931233799459092	0.9977009936000633	177033	5
dataset_name-FR-FCM-Z2KP_healthy_final_seed-42	cyanno	2	CD19	CD19	0.998067897936492	0.9980539687192731	0.9976999948635121	0.9981514964214127	162089	5
dataset_name-FR-FCM-Z2KP_healthy_final_seed-42	cyanno	3	CD3+	CD3+	0.9452730896182351	0.9426529425220845	0.9630869289340102	0.9310483252063237	71844	5
dataset_name-FR-FCM-Z2KP_healthy_final_seed-42	cyanno	4	CD4	CD4	0.9975929225155404	0.9974528502489624	0.9967745073950519	0.998066724941725	661241	5
dataset_name-FR-FCM-Z2KP_healthy_final_seed-42	cyanno	5	CD8	CD8	0.9856156770182927	0.9826904220579472	0.9784802676751714	0.9907092606279598	184381	5
dataset_name-FR-FCM-Z2KP_healthy_final_seed-42	cyanno	6	Ungated	Ungated	0.9882640573303421	0.9883346388435104	0.991874140034788	0.9830799721110507	182151	5
dataset_name-FR-FCM-Z2KP_healthy_final_seed-42	cygate	1	CD14 monocytes	CD14 monocytes	0.941519614991979	0.94375511432375	0.8992920508674562	0.9879082829761826	176928	5
dataset_name-FR-FCM-Z2KP_healthy_final_seed-42	cygate	2	CD19	CD19	0.9877271064504328	0.9803636606971288	0.9761986538681706	0.9994856613823137	162083	5
dataset_name-FR-FCM-Z2KP_healthy_final_seed-42	cygate	3	CD3+	CD3+	0.6543810931996586	0.58665725455463	0.6038112562947845	0.7141957491472054	59969	5
dataset_name-FR-FCM-Z2KP_healthy_final_seed-42	cygate	4	CD4	CD4	0.9751354536953607	0.9769311245045555	0.966375336290264	0.985450937881392	634665	5
dataset_name-FR-FCM-Z2KP_healthy_final_seed-42	cygate	5	CD8	CD8	0.8996683293998917	0.8720359188334189	0.9405897610621414	0.8621591126603064	184373	5
dataset_name-FR-FCM-Z2KP_healthy_final_seed-42	cygate	6	Ungated	Ungated	0.8965519867486624	0.872437427961253	0.9938258862386699	0.8125004313587455	144891	5
dataset_name-FR-FCM-Z2KP_healthy_final_seed-42	dgcytof	1	CD14 monocytes	CD14 monocytes	0.9835777068596163	0.9744857291093061	0.9842748838346784	0.9833225831671945	177033	5
dataset_name-FR-FCM-Z2KP_healthy_final_seed-42	dgcytof	2	CD19	CD19	0.983572583052222	0.9834972677440125	0.9875476349892685	0.9839130232341575	162089	5
dataset_name-FR-FCM-Z2KP_healthy_final_seed-42	dgcytof	3	CD3+	CD3+	0.3233233911785972	0.4765253514706248	0.6195445098718393	0.2187385349150055	71844	5
dataset_name-FR-FCM-Z2KP_healthy_final_seed-42	dgcytof	4	CD4	CD4	0.983836795317039	0.9831673876134954	0.9778165174365556	0.9905541247442309	661241	5
dataset_name-FR-FCM-Z2KP_healthy_final_seed-42	dgcytof	5	CD8	CD8	0.8972492844625494	0.9107207986597892	0.8400753279362743	0.974254397145042	184381	5
dataset_name-FR-FCM-Z2KP_healthy_final_seed-42	dgcytof	6	Ungated	Ungated	0.9484526065199436	0.940215341178868	0.9686956087762092	0.9563705099108251	182151	5
dataset_name-FR-FCM-Z2KP_healthy_final_seed-42	random	1	CD14 monocytes	CD14 monocytes	0.14232771445725323	0.14331351143196067	0.12416491375683635	0.16595590236820615	177033	5
dataset_name-FR-FCM-Z2KP_healthy_final_seed-42	random	2	CD19	CD19	0.13513342527804842	0.1337508455776908	0.11336008750248144	0.16680434167278022	162089	5
dataset_name-FR-FCM-Z2KP_healthy_final_seed-42	random	3	CD3+	CD3+	0.07854633003643935	0.07722720398263265	0.0516393162100652	0.16476380509345076	71844	5
dataset_name-FR-FCM-Z2KP_healthy_final_seed-42	random	4	CD4	CD4	0.24275026590470697	0.2432567767580764	0.44562750372761	0.16676427738927738	661241	5
dataset_name-FR-FCM-Z2KP_healthy_final_seed-42	random	5	CD8	CD8	0.14619741700507555	0.14806147075710827	0.12985903278465516	0.16725857260378418	184381	5
dataset_name-FR-FCM-Z2KP_healthy_final_seed-42	random	6	Ungated	Ungated	0.14437251044281407	0.14318495635059703	0.12651438908493318	0.16647177341875696	182151	5
dataset_name-FR-FCM-Z2KP_virus_final_seed-42	cyanno	1	CD14 monocytes	CD14 monocytes	0.9973501487323095	0.9971683363192756	0.9966694487230814	0.9981673420802443	891283	5
dataset_name-FR-FCM-Z2KP_virus_final_seed-42	cyanno	2	CD19	CD19	0.9977958530828798	0.997724467980423	0.9973462067743118	0.9983908993166198	410167	5
dataset_name-FR-FCM-Z2KP_virus_final_seed-42	cyanno	3	CD3+	CD3+	0.9326684919347733	0.9190756158505653	0.9530721677652926	0.9169975627789797	177410	5
dataset_name-FR-FCM-Z2KP_virus_final_seed-42	cyanno	4	CD4	CD4	0.9969014030177115	0.9961625162279228	0.9956446350239649	0.9974556993781268	1629182	5
dataset_name-FR-FCM-Z2KP_virus_final_seed-42	cyanno	5	CD8	CD8	0.974309121005527	0.9705667456631938	0.9670460336334296	0.9816821341444454	345016	5
dataset_name-FR-FCM-Z2KP_virus_final_seed-42	cyanno	6	Ungated	Ungated	0.9860301899289425	0.985823859433206	0.9918108424611336	0.9803165306377035	481919	5
dataset_name-FR-FCM-Z2KP_virus_final_seed-42	cygate	1	CD14 monocytes	CD14 monocytes	0.9698996322889529	0.968987330290634	0.9439157354062504	0.994279079846978	890591	5
dataset_name-FR-FCM-Z2KP_virus_final_seed-42	cygate	2	CD19	CD19	0.9871037712595514	0.9819610023109121	0.9782039750055023	0.9952215184580796	408947	5
dataset_name-FR-FCM-Z2KP_virus_final_seed-42	cygate	3	CD3+	CD3+	0.2401218943169665	0.4088021032008009	0.38096769654451523	0.22869051703371704	140300	5
dataset_name-FR-FCM-Z2KP_virus_final_seed-42	cygate	4	CD4	CD4	0.9749384039921306	0.9731539306876552	0.9741259114826785	0.9799143862936598	1567485	5
dataset_name-FR-FCM-Z2KP_virus_final_seed-42	cygate	5	CD8	CD8	0.8620572741395973	0.8784253846440014	0.7876726576304093	0.9702812171705825	342874	5
dataset_name-FR-FCM-Z2KP_virus_final_seed-42	cygate	6	Ungated	Ungated	0.8721325574832355	0.8786185516404783	0.9983167506369831	0.775401452877079	348133	5
dataset_name-FR-FCM-Z2KP_virus_final_seed-42	dgcytof	1	CD14 monocytes	CD14 monocytes	0.9834060563576629	0.9826745726913443	0.9894231511809092	0.9842257715118351	891283	5
dataset_name-FR-FCM-Z2KP_virus_final_seed-42	dgcytof	2	CD19	CD19	0.9692531357035747	0.9679696463082006	0.9782882270054905	0.9603834063926505	410167	5
dataset_name-FR-FCM-Z2KP_virus_final_seed-42	dgcytof	3	CD3+	CD3+	0.6942688073766529	0.47496929727300335	0.7772911733685365	0.6272701651541627	177410	5
dataset_name-FR-FCM-Z2KP_virus_final_seed-42	dgcytof	4	CD4	CD4	0.9774908914380858	0.9713960321221824	0.9606666275937091	0.9919632306334943	1629182	5
dataset_name-FR-FCM-Z2KP_virus_final_seed-42	dgcytof	5	CD8	CD8	0.9001635228749684	0.8716379935283285	0.8805105931236017	0.9402723351960489	345016	5
dataset_name-FR-FCM-Z2KP_virus_final_seed-42	dgcytof	6	Ungated	Ungated	0.929163750965421	0.9194589836882127	0.9284255188673382	0.9299031579995808	481919	5
dataset_name-FR-FCM-Z2KP_virus_final_seed-42	random	1	CD14 monocytes	CD14 monocytes	0.19218069084020825	0.1920160641829927	0.22695815741661815	0.1666451620865651	891283	5
dataset_name-FR-FCM-Z2KP_virus_final_seed-42	random	2	CD19	CD19	0.1286166577850224	0.12847022061302046	0.1048351218925662	0.16758193136668983	410167	5
dataset_name-FR-FCM-Z2KP_virus_final_seed-42	random	3	CD3+	CD3+	0.07186938482541884	0.06982256643449283	0.04578258908434822	0.16685156423341468	177410	5
dataset_name-FR-FCM-Z2KP_virus_final_seed-42	random	4	CD4	CD4	0.23785564940465637	0.23666687361411887	0.41616193863752043	0.16649889330964865	1629182	5
dataset_name-FR-FCM-Z2KP_virus_final_seed-42	random	5	CD8	CD8	0.1168220359751017	0.11624697084342023	0.08941816964962328	0.16602418438565167	345016	5
dataset_name-FR-FCM-Z2KP_virus_final_seed-42	random	6	Ungated	Ungated	0.14200007967386832	0.14124345012084358	0.12414074919086086	0.16600168919955255	481919	5
dataset_name-FR-FCM-Z3YR_seed-42	cyanno	1	/Granulocytes	/Granulocytes	0.9999827075970981	0.9999027920269027	0.9999986663824352	0.9999657245692257	9748168	5
dataset_name-FR-FCM-Z3YR_seed-42	cyanno	10	/PBMC/CD3-CD19-/CD7hi cells/NK cells CD56 mid	/PBMC/CD3-CD19-/CD7hi cells/NK cells CD56 mid	0.9988664370287486	0.9949692860478255	0.9981243118416822	0.9996096666064903	614859	5
dataset_name-FR-FCM-Z3YR_seed-42	cyanno	11	/PBMC/CD3-CD19-/CD7low cells/CD11c hi HLADR hi/Monocytes CD14hi	/PBMC/CD3-CD19-/CD7low cells/CD11c hi HLADR hi/Monocytes CD14hi	0.9974778635464057	0.9965509674978142	0.995800555924532	0.999160831152317	1012907	5
dataset_name-FR-FCM-Z3YR_seed-42	cyanno	12	/PBMC/CD3-CD19-/CD7low cells/CD11c hi HLADR hi/Monocytes CD14mid	/PBMC/CD3-CD19-/CD7low cells/CD11c hi HLADR hi/Monocytes CD14mid	0.9575900588846553	0.9484974624135885	0.9940476190476191	0.9210027692756158	50080	5
dataset_name-FR-FCM-Z3YR_seed-42	cyanno	13	/PBMC/CD3-CD19-/CD7low cells/CD11c hi HLADR hi/Monocytes non-class	/PBMC/CD3-CD19-/CD7low cells/CD11c hi HLADR hi/Monocytes non-class	0.993610520504818	0.986995756608845	0.9961641313401429	0.9910699682705832	92307	5
dataset_name-FR-FCM-Z3YR_seed-42	cyanno	14	/PBMC/CD3-CD19-/CD7low cells/CD11c hi HLADR hi/cDC/cDC1	/PBMC/CD3-CD19-/CD7low cells/CD11c hi HLADR hi/cDC/cDC1	0.9852846296966689	0.7622673536207696	0.9989231595182457	0.9711304347826087	2875	5
dataset_name-FR-FCM-Z3YR_seed-42	cyanno	15	/PBMC/CD3-CD19-/CD7low cells/CD11c hi HLADR hi/cDC/cDC2	/PBMC/CD3-CD19-/CD7low cells/CD11c hi HLADR hi/cDC/cDC2	0.9945908420352317	0.9814408220723467	0.9944086684918829	0.9947730823384188	51847	5
dataset_name-FR-FCM-Z3YR_seed-42	cyanno	16	/PBMC/CD3-CD19-/CD7low cells/CD11c low HLADR hi/pDC	/PBMC/CD3-CD19-/CD7low cells/CD11c low HLADR hi/pDC	0.9908347433728144	0.976521176369089	0.9919088158727926	0.9888662131519275	42723	5
dataset_name-FR-FCM-Z3YR_seed-42	cyanno	17	/PBMC/CD3-CD19-/CD7low cells/CD11c low HLADR low/Basophils	/PBMC/CD3-CD19-/CD7low cells/CD11c low HLADR low/Basophils	0.9985826031324117	0.9978100080208473	0.9985367198490065	0.9984490615797709	141624	5
dataset_name-FR-FCM-Z3YR_seed-42	cyanno	18	/PBMC/T cells/NKT cells	/PBMC/T cells/NKT cells	0.001594896331738437	0.001594896331738437	1	0	1255	5
dataset_name-FR-FCM-Z3YR_seed-42	cyanno	19	/PBMC/T cells/T cells CD4/T cells CM	/PBMC/T cells/T cells CD4/T cells CM	0.9996788763703353	0.998696241430848	0.9995093554768439	0.9998418126319448	1024102	5
dataset_name-FR-FCM-Z3YR_seed-42	cyanno	2	/PBMC/B cells/B cells DN	/PBMC/B cells/B cells DN	0.9823193434569875	0.9700487722537824	0.9928525894875113	0.9716180780502853	52090	5
dataset_name-FR-FCM-Z3YR_seed-42	cyanno	20	/PBMC/T cells/T cells CD4/T cells EM	/PBMC/T cells/T cells CD4/T cells EM	0.9972684223293291	0.9928139581488434	0.9979876585774294	0.9963954394164719	142591	5
dataset_name-FR-FCM-Z3YR_seed-42	cyanno	21	/PBMC/T cells/T cells CD4/T cells Naive	/PBMC/T cells/T cells CD4/T cells Naive	0.9995590805975386	0.9986643746632637	0.9993272520886778	0.9997910166926346	1344605	5
dataset_name-FR-FCM-Z3YR_seed-42	cyanno	22	/PBMC/T cells/T cells CD4/T cells TEMRA	/PBMC/T cells/T cells CD4/T cells TEMRA	0.8908857509627727	0.6079967487043964	0.9940119760479041	0.8046376811594202	5175	5
dataset_name-FR-FCM-Z3YR_seed-42	cyanno	23	/PBMC/T cells/T cells CD4hiCD8hi	/PBMC/T cells/T cells CD4hiCD8hi	0.9812449159630168	0.9367277145093784	0.9868372179403845	0.973449114591621	43991	5
dataset_name-FR-FCM-Z3YR_seed-42	cyanno	24	/PBMC/T cells/T cells CD4lowCD8low	/PBMC/T cells/T cells CD4lowCD8low	0.9972658152807035	0.9951140400178475	0.9971675553191581	0.99626373339255625	462035	5
dataset_name-FR-FCM-Z3YR_seed-42	cyanno	25	/PBMC/T cells/T cells CD8/T cells CM	/PBMC/T cells/T cells CD8/T cells CM	0.9987134579605997	0.996707419550565	0.998169529104917	0.9992579799417998	464947	5
dataset_name-FR-FCM-Z3YR_seed-42	cyanno	26	/PBMC/T cells/T cells CD8/T cells EM	/PBMC/T cells/T cells CD8/T cells EM	0.9962744083729145	0.9884968637871195	0.996892661258368	0.9952395368988088	95983	5
dataset_name-FR-FCM-Z3YR_seed-42	cyanno	27	/PBMC/T cells/T cells CD8/T cells Naive	/PBMC/T cells/T cells CD8/T cells Naive	0.9989840082904923	0.9973916645146061	0.9988441890021874	0.9991238667283874	442855	5
dataset_name-FR-FCM-Z3YR_seed-42	cyanno	28	/PBMC/T cells/T cells CD8/T cells TEMRA	/PBMC/T cells/T cells CD8/T cells TEMRA	0.9942815043502666	0.9692120709858549	0.996974707144616	0.990633222241712	28581	5
dataset_name-FR-FCM-Z3YR_seed-42	cyanno	3	/PBMC/B cells/B cells NSM	/PBMC/B cells/B cells NSM	0.9943559867936149	0.9863356592151192	0.9979328793774319	0.9908046439566188	49699	5
dataset_name-FR-FCM-Z3YR_seed-42	cyanno	4	/PBMC/B cells/B cells Naive/B cells TR	/PBMC/B cells/B cells Naive/B cells TR	0.995486412706291	0.9853807128956434	0.9970636784966034	0.9936369829081001	64592	5
dataset_name-FR-FCM-Z3YR_seed-42	cyanno	5	/PBMC/B cells/B cells SWME/B cells CD27hi CD20hi	/PBMC/B cells/B cells SWME/B cells CD27hi CD20hi	0.9954485984613131	0.9876075647136776	0.991716405141264	0.9986364957941911	99743	5
dataset_name-FR-FCM-Z3YR_seed-42	cyanno	6	/PBMC/B cells/B cells SWME/B cells PB	/PBMC/B cells/B cells SWME/B cells PB	0.9467097862767154	0.885879372924803	0.983545571612534	0.9031522468142187	7455	5
dataset_name-FR-FCM-Z3YR_seed-42	cyanno	7	/PBMC/B cells/B cells SWME/B cells PC	/PBMC/B cells/B cells SWME/B cells PC	0.9569837770617828	0.9261215630202285	0.9658338175479373	0.9628127896200185	8761	5
dataset_name-FR-FCM-Z3YR_seed-42	cyanno	8	/PBMC/CD3 CD19 DP	/PBMC/CD3 CD19 DP	0.9867532863015784	0.9808442425765124	0.9920421130554584	0.9810867546728029	49542	5
dataset_name-FR-FCM-Z3YR_seed-42	cyanno	9	/PBMC/CD3-CD19-/CD7hi cells/NK cells CD56 hi	/PBMC/CD3-CD19-/CD7hi cells/NK cells CD56 hi	0.987852697979712	0.9397123947082834	0.9969681441626099	0.9781801299907149	23780	5
dataset_name-FR-FCM-Z3YR_seed-42	cygate	1	/Granulocytes	/Granulocytes	0.9987110410462281	0.9980049540801008	0.9998839058848952	0.9976579533004781	9660187	5
dataset_name-FR-FCM-Z3YR_seed-42	cygate	10	/PBMC/CD3-CD19-/CD7hi cells/NK cells CD56 mid	/PBMC/CD3-CD19-/CD7hi cells/NK cells CD56 mid	0.9789924003536704	0.9767595229305405	0.9663818965978324	0.9916051271983476	601094	5
dataset_name-FR-FCM-Z3YR_seed-42	cygate	11	/PBMC/CD3-CD19-/CD7low cells/CD11c hi HLADR hi/Monocytes CD14hi	/PBMC/CD3-CD19-/CD7low cells/CD11c hi HLADR hi/Monocytes CD14hi	0.9562683774391875	0.9479178179674349	0.9655934887562487	0.9597875429778182	985529	5
dataset_name-FR-FCM-Z3YR_seed-42	cygate	12	/PBMC/CD3-CD19-/CD7low cells/CD11c hi HLADR hi/Monocytes CD14mid	/PBMC/CD3-CD19-/CD7low cells/CD11c hi HLADR hi/Monocytes CD14mid	0.43517747858017136	0.48990342712540225	0.4685062196921779	0.6990891006177363	44700	5
dataset_name-FR-FCM-Z3YR_seed-42	cygate	13	/PBMC/CD3-CD19-/CD7low cells/CD11c hi HLADR hi/Monocytes non-class	/PBMC/CD3-CD19-/CD7low cells/CD11c hi HLADR hi/Monocytes non-class	0.8669714740085478	0.8516472473447979	0.8756223899775136	0.8411782961775203	50802	5
dataset_name-FR-FCM-Z3YR_seed-42	cygate	14	/PBMC/CD3-CD19-/CD7low cells/CD11c hi HLADR hi/cDC/cDC1	/PBMC/CD3-CD19-/CD7low cells/CD11c hi HLADR hi/cDC/cDC1	0.8827499407237519	0.7566810579478677	0.8704350609586372	0.8918600078647267	2242	5
dataset_name-FR-FCM-Z3YR_seed-42	cygate	15	/PBMC/CD3-CD19-/CD7low cells/CD11c hi HLADR hi/cDC/cDC2	/PBMC/CD3-CD19-/CD7low cells/CD11c hi HLADR hi/cDC/cDC2	0.9145740263835602	0.9045384684091424	0.8484943048837572	0.9878253319915546	47542	5
dataset_name-FR-FCM-Z3YR_seed-42	cygate	16	/PBMC/CD3-CD19-/CD7low cells/CD11c low HLADR hi/pDC	/PBMC/CD3-CD19-/CD7low cells/CD11c low HLADR hi/pDC	0.9285849888885166	0.929512186536536	0.869427017984107	0.9916104280299528	41870	5
dataset_name-FR-FCM-Z3YR_seed-42	cygate	17	/PBMC/CD3-CD19-/CD7low cells/CD11c low HLADR low/Basophils	/PBMC/CD3-CD19-/CD7low cells/CD11c low HLADR low/Basophils	0.994289843572886	0.9903471326373395	0.9891113601285494	0.9995820671384349	141171	5
dataset_name-FR-FCM-Z3YR_seed-42	cygate	18	/PBMC/T cells/NKT cells	/PBMC/T cells/NKT cells	0.010976446375485937	0.011001049334979751	0.005758502789274788	0.11693057247259439	821	5
dataset_name-FR-FCM-Z3YR_seed-42	cygate	19	/PBMC/T cells/T cells CD4/T cells CM	/PBMC/T cells/T cells CD4/T cells CM	0.9822941329786411	0.9818863810075656	0.9864406542751226	0.9781077683070496	1015665	5
dataset_name-FR-FCM-Z3YR_seed-42	cygate	2	/PBMC/B cells/B cells DN	/PBMC/B cells/B cells DN	0.45545659234463104	0.5005134365424465	0.975908510391269	0.30481337611889886	37175	5
dataset_name-FR-FCM-Z3YR_seed-42	cygate	20	/PBMC/T cells/T cells CD4/T cells EM	/PBMC/T cells/T cells CD4/T cells EM	0.96863818733064	0.9687434726226621	0.9477381690094909	0.9919168197054827	141644	5
dataset_name-FR-FCM-Z3YR_seed-42	cygate	21	/PBMC/T cells/T cells CD4/T cells Naive	/PBMC/T cells/T cells CD4/T cells Naive	0.9737676996126873	0.9744442965287202	0.9646704064211437	0.98303820978212	1327749	5
dataset_name-FR-FCM-Z3YR_seed-42	cygate	22	/PBMC/T cells/T cells CD4/T cells TEMRA	/PBMC/T cells/T cells CD4/T cells TEMRA	0.0034435885817852285	0.031869313896375456	0.0036815462494247586	0.003633581946834959	5122	5
dataset_name-FR-FCM-Z3YR_seed-42	cygate	23	/PBMC/T cells/T cells CD4hiCD8hi	/PBMC/T cells/T cells CD4hiCD8hi	0.08253569747371725	0.07787712533920552	0.8606284658040665	0.043265728185001524	42590	5
dataset_name-FR-FCM-Z3YR_seed-42	cygate	24	/PBMC/T cells/T cells CD4lowCD8low	/PBMC/T cells/T cells CD4lowCD8low	0.9881598640970226	0.9884442881330839	0.9957997284995608	0.9835840234352994	444068	5
dataset_name-FR-FCM-Z3YR_seed-42	cygate	25	/PBMC/T cells/T cells CD8/T cells CM	/PBMC/T cells/T cells CD8/T cells CM	0.972834473118447	0.9710795404875081	0.9924689918589956	0.9533810967628797	396760	5
dataset_name-FR-FCM-Z3YR_seed-42	cygate	26	/PBMC/T cells/T cells CD8/T cells EM	/PBMC/T cells/T cells CD8/T cells EM	0.8871186626339587	0.8459395100149257	0.9920941025846203	0.8255675732931609	84233	5
dataset_name-FR-FCM-Z3YR_seed-42	cygate	27	/PBMC/T cells/T cells CD8/T cells Naive	/PBMC/T cells/T cells CD8/T cells Naive	0.9596078112184524	0.9610165833504049	0.9586702628049879	0.9746406756617975	408962	5
dataset_name-FR-FCM-Z3YR_seed-42	cygate	28	/PBMC/T cells/T cells CD8/T cells TEMRA	/PBMC/T cells/T cells CD8/T cells TEMRA	0.3677768036489141	0.3678884590028726	0.3136264554202775	0.5773921527632587	24296	5
dataset_name-FR-FCM-Z3YR_seed-42	cygate	3	/PBMC/B cells/B cells NSM	/PBMC/B cells/B cells NSM	0.9521316168645879	0.9518344247550576	0.9315340190950279	0.982243448444771	49571	5
dataset_name-FR-FCM-Z3YR_seed-42	cygate	4	/PBMC/B cells/B cells Naive/B cells TR	/PBMC/B cells/B cells Naive/B cells TR	0.9447100555212832	0.9419424929685463	0.9304038762398044	0.9594630578136992	63167	5
dataset_name-FR-FCM-Z3YR_seed-42	cygate	5	/PBMC/B cells/B cells SWME/B cells CD27hi CD20hi	/PBMC/B cells/B cells SWME/B cells CD27hi CD20hi	0.8995580025664368	0.8957606304799993	0.8816345844072165	0.9117288441243071	97026	5
dataset_name-FR-FCM-Z3YR_seed-42	cygate	6	/PBMC/B cells/B cells SWME/B cells PB	/PBMC/B cells/B cells SWME/B cells PB	0.6054649105563201	0.6444258241505167	0.47494217424826524	0.8349146110056926	4663	5
dataset_name-FR-FCM-Z3YR_seed-42	cygate	7	/PBMC/B cells/B cells SWME/B cells PC	/PBMC/B cells/B cells SWME/B cells PC	0.8487136465324385	0.8204478503182412	0.8500340831629175	0.8507299768044754	7329	5
dataset_name-FR-FCM-Z3YR_seed-42	cygate	8	/PBMC/CD3 CD19 DP	/PBMC/CD3 CD19 DP	0.8641618497109828	0.8486267968525814	0.863523715113619	0.8732992337706973	49463	5
dataset_name-FR-FCM-Z3YR_seed-42	cygate	9	/PBMC/CD3-CD19-/CD7hi cells/NK cells CD56 hi	/PBMC/CD3-CD19-/CD7hi cells/NK cells CD56 hi	0.5033782348191901	0.31922273516858285	0.769820639459319	0.3739503756550287	18011	5
dataset_name-FR-FCM-Z3YR_seed-42	dgcytof	1	/Granulocytes	/Granulocytes	0.9994167952006414	0.9993892488754565	0.9992319285968333	0.9994733369387971	9748168	5
dataset_name-FR-FCM-Z3YR_seed-42	dgcytof	10	/PBMC/CD3-CD19-/CD7hi cells/NK cells CD56 mid	/PBMC/CD3-CD19-/CD7hi cells/NK cells CD56 mid	0.9917639023512426	0.9887719958176616	0.9871894871398214	0.9936749726360027	614859	5
dataset_name-FR-FCM-Z3YR_seed-42	dgcytof	11	/PBMC/CD3-CD19-/CD7low cells/CD11c hi HLADR hi/Monocytes CD14hi	/PBMC/CD3-CD19-/CD7low cells/CD11c hi HLADR hi/Monocytes CD14hi	0.9868020643630199	0.9866756476030367	0.9825752269611276	0.9939761692500887	1012907	5
dataset_name-FR-FCM-Z3YR_seed-42	dgcytof	12	/PBMC/CD3-CD19-/CD7low cells/CD11c hi HLADR hi/Monocytes CD14mid	/PBMC/CD3-CD19-/CD7low cells/CD11c hi HLADR hi/Monocytes CD14mid	0.7035948623109467	0.7158081510801456	0.8663984798253417	0.5508657793998056	50080	5
dataset_name-FR-FCM-Z3YR_seed-42	dgcytof	13	/PBMC/CD3-CD19-/CD7low cells/CD11c hi HLADR hi/Monocytes non-class	/PBMC/CD3-CD19-/CD7low cells/CD11c hi HLADR hi/Monocytes non-class	0.9569957333303819	0.941956738442238	0.9563968865714502	0.9526892377769108	92307	5
dataset_name-FR-FCM-Z3YR_seed-42	dgcytof	14	/PBMC/CD3-CD19-/CD7low cells/CD11c hi HLADR hi/cDC/cDC1	/PBMC/CD3-CD19-/CD7low cells/CD11c hi HLADR hi/cDC/cDC1	0.875789462916797	0.8779228141961273	0.9798638287418543	0.7393205516313488	2875	5
dataset_name-FR-FCM-Z3YR_seed-42	dgcytof	15	/PBMC/CD3-CD19-/CD7low cells/CD11c hi HLADR hi/cDC/cDC2	/PBMC/CD3-CD19-/CD7low cells/CD11c hi HLADR hi/cDC/cDC2	0.9541025362569232	0.9189192863217285	0.9665376377890869	0.9371475673954177	51847	5
dataset_name-FR-FCM-Z3YR_seed-42	dgcytof	16	/PBMC/CD3-CD19-/CD7low cells/CD11c low HLADR hi/pDC	/PBMC/CD3-CD19-/CD7low cells/CD11c low HLADR hi/pDC	0.9821590280962965	0.9726027485621416	0.9840204014786392	0.9831545622076265	42723	5
dataset_name-FR-FCM-Z3YR_seed-42	dgcytof	17	/PBMC/CD3-CD19-/CD7low cells/CD11c low HLADR low/Basophils	/PBMC/CD3-CD19-/CD7low cells/CD11c low HLADR low/Basophils	0.9977360151026955	0.9975635288433089	0.9981821785155369	0.9974863017567643	141624	5
dataset_name-FR-FCM-Z3YR_seed-42	dgcytof	18	/PBMC/T cells/NKT cells	/PBMC/T cells/NKT cells	0.014890705270416917	0.014890705270416917	0.02857142857142857	0	1255	5
dataset_name-FR-FCM-Z3YR_seed-42	dgcytof	19	/PBMC/T cells/T cells CD4/T cells CM	/PBMC/T cells/T cells CD4/T cells CM	0.9791097706970737	0.9793643527686908	0.9839387787630721	0.9837613594188546	1024102	5
dataset_name-FR-FCM-Z3YR_seed-42	dgcytof	2	/PBMC/B cells/B cells DN	/PBMC/B cells/B cells DN	0.8917559901937976	0.8849548139928644	0.9182349554974981	0.9215396429257056	52090	5
dataset_name-FR-FCM-Z3YR_seed-42	dgcytof	20	/PBMC/T cells/T cells CD4/T cells EM	/PBMC/T cells/T cells CD4/T cells EM	0.9730405809483127	0.9635881345638881	0.9773994233145682	0.9687204436430442	142591	5
dataset_name-FR-FCM-Z3YR_seed-42	dgcytof	21	/PBMC/T cells/T cells CD4/T cells Naive	/PBMC/T cells/T cells CD4/T cells Naive	0.986644231022253	0.986328324031872	0.9915874326849391	0.9865080337641555	1344605	5
dataset_name-FR-FCM-Z3YR_seed-42	dgcytof	22	/PBMC/T cells/T cells CD4/T cells TEMRA	/PBMC/T cells/T cells CD4/T cells TEMRA	0.7648090413094311	0.7222095011309646	0.8748375920311823	0.7377777777777778	5175	5
dataset_name-FR-FCM-Z3YR_seed-42	dgcytof	23	/PBMC/T cells/T cells CD4hiCD8hi	/PBMC/T cells/T cells CD4hiCD8hi	0.8904508793892503	0.8862968205779569	0.9387189898373507	0.8755498289421069	43991	5
dataset_name-FR-FCM-Z3YR_seed-42	dgcytof	24	/PBMC/T cells/T cells CD4lowCD8low	/PBMC/T cells/T cells CD4lowCD8low	0.9758446854555235	0.9795982409675725	0.9868070111682901	0.9811159392037629	462035	5
dataset_name-FR-FCM-Z3YR_seed-42	dgcytof	25	/PBMC/T cells/T cells CD8/T cells CM	/PBMC/T cells/T cells CD8/T cells CM	0.9727310768086294	0.9724666930579658	0.9741377298485392	0.9741562804672014	464947	5
dataset_name-FR-FCM-Z3YR_seed-42	dgcytof	26	/PBMC/T cells/T cells CD8/T cells EM	/PBMC/T cells/T cells CD8/T cells EM	0.9378424770581634	0.9376705317020558	0.9300939697799492	0.9549453883495146	95983	5
dataset_name-FR-FCM-Z3YR_seed-42	dgcytof	27	/PBMC/T cells/T cells CD8/T cells Naive	/PBMC/T cells/T cells CD8/T cells Naive	0.980910226162713	0.9783402977542278	0.9800428588876675	0.9798495145078487	442855	5
dataset_name-FR-FCM-Z3YR_seed-42	dgcytof	28	/PBMC/T cells/T cells CD8/T cells TEMRA	/PBMC/T cells/T cells CD8/T cells TEMRA	0.8650455039501647	0.8389338491592772	0.9171215328060599	0.8358884406244519	28581	5
dataset_name-FR-FCM-Z3YR_seed-42	dgcytof	3	/PBMC/B cells/B cells NSM	/PBMC/B cells/B cells NSM	0.9454437782219263	0.9395179465869	0.96903928085476565	0.940542063220588	49699	5
dataset_name-FR-FCM-Z3YR_seed-42	dgcytof	4	/PBMC/B cells/B cells Naive/B cells TR	/PBMC/B cells/B cells Naive/B cells TR	0.9868270010355373	0.9812569361671987	0.9891400709219859	0.9761621166642844	64592	5
dataset_name-FR-FCM-Z3YR_seed-42	dgcytof	5	/PBMC/B cells/B cells SWME/B cells CD27hi CD20hi	/PBMC/B cells/B cells SWME/B cells CD27hi CD20hi	0.9266174105919519	0.9304610683168039	0.9352491533623609	0.9738350712810437	99743	5
dataset_name-FR-FCM-Z3YR_seed-42	dgcytof	6	/PBMC/B cells/B cells SWME/B cells PB	/PBMC/B cells/B cells SWME/B cells PB	0.6803018268467037	0.6652723499682739	0.7069347418640314	0.6767229449211182	7455	5
dataset_name-FR-FCM-Z3YR_seed-42	dgcytof	7	/PBMC/B cells/B cells SWME/B cells PC	/PBMC/B cells/B cells SWME/B cells PC	0.8741407324084489	0.8486389010421589	0.8823222847613091	0.8910042306835894	8761	5
dataset_name-FR-FCM-Z3YR_seed-42	dgcytof	8	/PBMC/CD3 CD19 DP	/PBMC/CD3 CD19 DP	0.979633256547903	0.9742530796117241	0.9844321215855412	0.9742844455209722	49542	5
dataset_name-FR-FCM-Z3YR_seed-42	dgcytof	9	/PBMC/CD3-CD19-/CD7hi cells/NK cells CD56 hi	/PBMC/CD3-CD19-/CD7hi cells/NK cells CD56 hi	0.8339600527421009	0.8212511916890277	0.8828121611658065	0.8017449719411789	23780	5
dataset_name-FR-FCM-Z3YR_seed-42	random	1	/Granulocytes	/Granulocytes	0.06524743603204915	0.06575660158502003	0.6037369803459831	0.0344869928380389	9748168	5
dataset_name-FR-FCM-Z3YR_seed-42	random	10	/PBMC/CD3-CD19-/CD7hi cells/NK cells CD56 mid	/PBMC/CD3-CD19-/CD7hi cells/NK cells CD56 mid	0.03628504407541537	0.03629203646480691	0.03797970697385074	0.034735153852567695	614859	5
dataset_name-FR-FCM-Z3YR_seed-42	random	11	/PBMC/CD3-CD19-/CD7low cells/CD11c hi HLADR hi/Monocytes CD14hi	/PBMC/CD3-CD19-/CD7low cells/CD11c hi HLADR hi/Monocytes CD14hi	0.04448659941809046	0.04460377773625176	0.06216896509917249	0.03455171157698981	1012907	5
dataset_name-FR-FCM-Z3YR_seed-42	random	12	/PBMC/CD3-CD19-/CD7low cells/CD11c hi HLADR hi/Monocytes CD14mid	/PBMC/CD3-CD19-/CD7low cells/CD11c hi HLADR hi/Monocytes CD14mid	0.005627799879922675	0.0056577773853826825	0.0030590240368696437	0.035396755991421495	50080	5
dataset_name-FR-FCM-Z3YR_seed-42	random	13	/PBMC/CD3-CD19-/CD7low cells/CD11c hi HLADR hi/Monocytes non-class	/PBMC/CD3-CD19-/CD7low cells/CD11c hi HLADR hi/Monocytes non-class	0.009683302934836678	0.009700461253344924	0.005608594277162766	0.03459226245879918	92307	5
dataset_name-FR-FCM-Z3YR_seed-42	random	14	/PBMC/CD3-CD19-/CD7low cells/CD11c hi HLADR hi/cDC/cDC1	/PBMC/CD3-CD19-/CD7low cells/CD11c hi HLADR hi/cDC/cDC1	3.643424419300775e-4	3.7072274868298484e-4	1.8311812404152376e-4	0.03498150016818029	2875	5
dataset_name-FR-FCM-Z3YR_seed-42	random	15	/PBMC/CD3-CD19-/CD7low cells/CD11c hi HLADR hi/cDC/cDC2	/PBMC/CD3-CD19-/CD7low cells/CD11c hi HLADR hi/cDC/cDC2	0.0058747974274246635	0.005861320240846103	0.003201040464176072	0.03516364113228049	51847	5
dataset_name-FR-FCM-Z3YR_seed-42	random	16	/PBMC/CD3-CD19-/CD7low cells/CD11c low HLADR hi/pDC	/PBMC/CD3-CD19-/CD7low cells/CD11c low HLADR hi/pDC	0.0049235527231832055	0.0048738996403598755	0.0026513437861045075	0.03474596113322407	42723	5
dataset_name-FR-FCM-Z3YR_seed-42	random	17	/PBMC/CD3-CD19-/CD7low cells/CD11c low HLADR low/Basophils	/PBMC/CD3-CD19-/CD7low cells/CD11c low HLADR low/Basophils	0.014085437275323796	0.014116194881859988	0.008811732263725244	0.03487451396253093	141624	5
dataset_name-FR-FCM-Z3YR_seed-42	random	18	/PBMC/T cells/NKT cells	/PBMC/T cells/NKT cells	1.4931189068912899e-4	1.5782428009146208e-4	7.482666676400217e-5	0.03272146847565842	1255	5
dataset_name-FR-FCM-Z3YR_seed-42	random	19	/PBMC/T cells/T cells CD4/T cells CM	/PBMC/T cells/T cells CD4/T cells CM	0.04495970881096961	0.045051772783437014	0.06365685927922039	0.03469673919199455	1024102	5
dataset_name-FR-FCM-Z3YR_seed-42	random	2	/PBMC/B cells/B cells DN	/PBMC/B cells/B cells DN	0.005971846067157656	0.00591843769851842	0.0032632702410341336	0.035132402690827076	52090	5
dataset_name-FR-FCM-Z3YR_seed-42	random	20	/PBMC/T cells/T cells CD4/T cells EM	/PBMC/T cells/T cells CD4/T cells EM	0.014086758878763131	0.014095898863083243	0.008841732979664015	0.034629275547057574	142591	5
dataset_name-FR-FCM-Z3YR_seed-42	random	21	/PBMC/T cells/T cells CD4/T cells Naive	/PBMC/T cells/T cells CD4/T cells Naive	0.049134871107024934	0.04908126003846461	0.08314387320163001	0.03481766020504163	1344605	5
dataset_name-FR-FCM-Z3YR_seed-42	random	22	/PBMC/T cells/T cells CD4/T cells TEMRA	/PBMC/T cells/T cells CD4/T cells TEMRA	6.024065456947612e-4	6.288422744654308e-4	3.0394349414131645e-4	0.033409263477600606	5175	5
dataset_name-FR-FCM-Z3YR_seed-42	random	23	/PBMC/T cells/T cells CD4hiCD8hi	/PBMC/T cells/T cells CD4hiCD8hi	0.005109327540080059	0.005108506945506456	0.002754337991971936	0.03518901593507763	43991	5
dataset_name-FR-FCM-Z3YR_seed-42	random	24	/PBMC/T cells/T cells CD4lowCD8low	/PBMC/T cells/T cells CD4lowCD8low	0.031261479580940124	0.031336795261302314	0.028591073167936746	0.03448210875464871	462035	5
dataset_name-FR-FCM-Z3YR_seed-42	random	25	/PBMC/T cells/T cells CD8/T cells CM	/PBMC/T cells/T cells CD8/T cells CM	0.031336210775931225	0.03145831736153415	0.02877257532910073	0.03444693696270758	464947	5
dataset_name-FR-FCM-Z3YR_seed-42	random	26	/PBMC/T cells/T cells CD8/T cells EM	/PBMC/T cells/T cells CD8/T cells EM	0.010113477648476185	0.010172938280992977	0.005922674939389852	0.034388082138867716	95983	5
dataset_name-FR-FCM-Z3YR_seed-42	random	27	/PBMC/T cells/T cells CD8/T cells Naive	/PBMC/T cells/T cells CD8/T cells Naive	0.03067902835668744	0.030598867005251225	0.02727623723481202	0.03462321330105041	442855	5
dataset_name-FR-FCM-Z3YR_seed-42	random	28	/PBMC/T cells/T cells CD8/T cells TEMRA	/PBMC/T cells/T cells CD8/T cells TEMRA	0.003395041957594004	0.003375262274242637	0.001781566501171464	0.03511664620242063	28581	5
dataset_name-FR-FCM-Z3YR_seed-42	random	3	/PBMC/B cells/B cells NSM	/PBMC/B cells/B cells NSM	0.005700157956184328	0.0057185379714272695	0.00309773997306018	0.03541691098862437	49699	5
dataset_name-FR-FCM-Z3YR_seed-42	random	4	/PBMC/B cells/B cells Naive/B cells TR	/PBMC/B cells/B cells Naive/B cells TR	0.0070912168326737095	0.0071325220153312715	0.003950562492855365	0.0341925135388378	64592	5
dataset_name-FR-FCM-Z3YR_seed-42	random	5	/PBMC/B cells/B cells SWME/B cells CD27hi CD20hi	/PBMC/B cells/B cells SWME/B cells CD27hi CD20hi	0.010648814989307183	0.010558439049702767	0.006270036480212248	0.0352699718890737	99743	5
dataset_name-FR-FCM-Z3YR_seed-42	random	6	/PBMC/B cells/B cells SWME/B cells PB	/PBMC/B cells/B cells SWME/B cells PB	9.12070991313865e-4	9.164558749355084e-4	4.6211390836009363e-4	0.035150844173816774	7455	5
dataset_name-FR-FCM-Z3YR_seed-42	random	7	/PBMC/B cells/B cells SWME/B cells PC	/PBMC/B cells/B cells SWME/B cells PC	0.0010390553136826147	0.001044634017458106	5.276577597314005e-4	0.033781531281253475	8761	5
dataset_name-FR-FCM-Z3YR_seed-42	random	8	/PBMC/CD3 CD19 DP	/PBMC/CD3 CD19 DP	0.005630897414202947	0.005599461323226246	0.003067016146163421	0.034324897830870796	49542	5
dataset_name-FR-FCM-Z3YR_seed-42	random	9	/PBMC/CD3-CD19-/CD7hi cells/NK cells CD56 hi	/PBMC/CD3-CD19-/CD7hi cells/NK cells CD56 hi	0.0027710569307442564	0.002772101502625539	0.0014445103217808441	0.03453078277966657	23780	5
dataset_name-Levine_seed-420_sub-sampling-10000	cyanno	1	Basophils	Basophils	0.03614257161892072	0.03614257161892072	0.45833333333333337	0.019685629348821006	603.5	2
dataset_name-Levine_seed-420_sub-sampling-10000	cyanno	10	Monocytes	Monocytes	0.3025639447413339	0.3025639447413339	0.4960015924641542	0.22625680193696326	10549.5	2
dataset_name-Levine_seed-420_sub-sampling-10000	cyanno	11	Plasma_B_cells	Plasma_B_cells	0.0392156862745098	0.0392156862745098	0.4166666666666667	0.0102880658436214	165	2
dataset_name-Levine_seed-420_sub-sampling-10000	cyanno	12	Pre_B_cells	Pre_B_cells	0.17481781037231137	0.17481781037231137	0.47935459280904585	0.11104026578004711	3067.5	2
dataset_name-Levine_seed-420_sub-sampling-10000	cyanno	13	Pro_B_cells	Pro_B_cells	NA	NA	NA	0	256.5	2
dataset_name-Levine_seed-420_sub-sampling-10000	cyanno	14	pDCs	pDCs	0.008136045176800047	0.008136045176800047	0.45	0.004105963735457499	619	2
dataset_name-Levine_seed-420_sub-sampling-10000	cyanno	15	ungated	ungated	0.709404401089112	0.709404401089112	0.6176820308752367	0.8337578256508984	80721.5	2
dataset_name-Levine_seed-420_sub-sampling-10000	cyanno	2	CD16+_NK_cells	CD16+_NK_cells	0.08618331053351574	0.08618331053351574	0.4917582417582418	0.05074551851231362	1124	2
dataset_name-Levine_seed-420_sub-sampling-10000	cyanno	3	CD16-_NK_cells	CD16-_NK_cells	0.0764359118440102	0.0764359118440102	0.4873192844890958	0.041476448543330796	1952.5	2
dataset_name-Levine_seed-420_sub-sampling-10000	cyanno	4	CD34+CD38+CD123+_HSPCs	CD34+CD38+CD123+_HSPCs	NA	NA	NA	0	152	2
dataset_name-Levine_seed-420_sub-sampling-10000	cyanno	5	CD34+CD38+CD123-_HSPCs	CD34+CD38+CD123-_HSPCs	0.10839758954707819	0.10839758954707819	0.44996293550778355	0.06501007831865761	1647.5	2
dataset_name-Levine_seed-420_sub-sampling-10000	cyanno	6	CD34+CD38lo_HSCs	CD34+CD38lo_HSCs	0.17049180327868851	0.17049180327868851	0.4727272727272727	0.052	458	2
dataset_name-Levine_seed-420_sub-sampling-10000	cyanno	7	CD4_T_cells	CD4_T_cells	0.40291209985188436	0.40291209985188436	0.495819370803042	0.3650662417486017	13183	2
dataset_name-Levine_seed-420_sub-sampling-10000	cyanno	8	CD8_T_cells	CD8_T_cells	0.26835858992401873	0.26835858992401873	0.49137735277791794	0.18464300816260462	10054	2
dataset_name-Levine_seed-420_sub-sampling-10000	cyanno	9	Mature_B_cells	Mature_B_cells	0.392520973454971	0.392520973454971	0.49169077390033394	0.3298674242424242	8260	2
dataset_name-Levine_seed-420_sub-sampling-10000	cygate	1	Basophils	Basophils	0.5288327109068275	0.5288327109068275	0.36873843186367705	0.9376161347080394	596.5	2
dataset_name-Levine_seed-420_sub-sampling-10000	cygate	10	Monocytes	Monocytes	0.5812878447496928	0.5812878447496928	0.4116673199558706	0.9886486670472188	10522.5	2
dataset_name-Levine_seed-420_sub-sampling-10000	cygate	11	Plasma_B_cells	Plasma_B_cells	0.04913223242801614	0.04913223242801614	0.05007234394377842	0.04823311484753491	164.5	2
dataset_name-Levine_seed-420_sub-sampling-10000	cygate	12	Pre_B_cells	Pre_B_cells	0.5588945281535266	0.5588945281535266	0.3904874632367885	0.9925816041372777	3054.5	2
dataset_name-Levine_seed-420_sub-sampling-10000	cygate	13	Pro_B_cells	Pro_B_cells	0.33183850481343735	0.33183850481343735	0.23681890975903466	0.5547989829969808	256.5	2
dataset_name-Levine_seed-420_sub-sampling-10000	cygate	14	pDCs	pDCs	0.48051985181162615	0.48051985181162615	0.3196730093654915	0.9888089212274597	617	2
dataset_name-Levine_seed-420_sub-sampling-10000	cygate	15	ungated	ungated	0.08097392891546912	0.08097392891546912	0.8754742528357908	0.04259252604115515	75725.5	2
dataset_name-Levine_seed-420_sub-sampling-10000	cygate	2	CD16+_NK_cells	CD16+_NK_cells	0.5247098488300577	0.5247098488300577	0.375184380279578	0.8730536342531652	1124	2
dataset_name-Levine_seed-420_sub-sampling-10000	cygate	3	CD16-_NK_cells	CD16-_NK_cells	0.5285444565528119	0.5285444565528119	0.38362599241828194	0.8695038730925012	1897.5	2
dataset_name-Levine_seed-420_sub-sampling-10000	cygate	4	CD34+CD38+CD123+_HSPCs	CD34+CD38+CD123+_HSPCs	0.012440300121324084	0.012440300121324084	0.007341120690144872	0.054674833363357954	152	2
dataset_name-Levine_seed-420_sub-sampling-10000	cygate	5	CD34+CD38+CD123-_HSPCs	CD34+CD38+CD123-_HSPCs	0.5784859246040048	0.5784859246040048	0.4158462399487539	0.9596803059041221	1638	2
dataset_name-Levine_seed-420_sub-sampling-10000	cygate	6	CD34+CD38lo_HSCs	CD34+CD38lo_HSCs	0.5879684031857945	0.5879684031857945	0.42057443009000106	0.9767267267267268	458	2
dataset_name-Levine_seed-420_sub-sampling-10000	cygate	7	CD4_T_cells	CD4_T_cells	0.5884599553506004	0.5884599553506004	0.41936241086990944	0.9906242072444227	13161	2
dataset_name-Levine_seed-420_sub-sampling-10000	cygate	8	CD8_T_cells	CD8_T_cells	0.6039941529707554	0.6039941529707554	0.43400980327500194	0.9954452767563421	10043.5	2
dataset_name-Levine_seed-420_sub-sampling-10000	cygate	9	Mature_B_cells	Mature_B_cells	0.6209397144366126	0.6209397144366126	0.45393388555691305	0.9828150315834552	8104.5	2
dataset_name-Levine_seed-420_sub-sampling-10000	dgcytof	1	Basophils	Basophils	0.3005846546206963	0.3005846546206963	0.40353657623480665	0.24852372967850114	603.5	2
dataset_name-Levine_seed-420_sub-sampling-10000	dgcytof	10	Monocytes	Monocytes	0.4383002294684908	0.4383002294684908	0.4330408848575877	0.4550844439913816	10549.5	2
dataset_name-Levine_seed-420_sub-sampling-10000	dgcytof	11	Plasma_B_cells	Plasma_B_cells	0.259819209039548	0.259819209039548	0.42152678994784254	0.18781041577976443	165	2
dataset_name-Levine_seed-420_sub-sampling-10000	dgcytof	12	Pre_B_cells	Pre_B_cells	0.07466372551583556	0.07466372551583556	0.4407027183342973	0.041721140627934514	3067.5	2
dataset_name-Levine_seed-420_sub-sampling-10000	dgcytof	13	Pro_B_cells	Pro_B_cells	0.11040568697144258	0.11040568697144258	0.3597560975609756	0.10407595741299856	256.5	2
dataset_name-Levine_seed-420_sub-sampling-10000	dgcytof	14	pDCs	pDCs	0.18957030603278102	0.18957030603278102	0.45596590909090906	0.14928466617754954	619	2
dataset_name-Levine_seed-420_sub-sampling-10000	dgcytof	15	ungated	ungated	0.6810913235666336	0.6810913235666336	0.6127704545573782	0.7691204533411327	80721.5	2
dataset_name-Levine_seed-420_sub-sampling-10000	dgcytof	2	CD16+_NK_cells	CD16+_NK_cells	0.3090778097982709	0.3090778097982709	0.42985971943887774	0.12064116985376828	1124	2
dataset_name-Levine_seed-420_sub-sampling-10000	dgcytof	3	CD16-_NK_cells	CD16-_NK_cells	0.26415596641768013	0.26415596641768013	0.4119893139296793	0.24013377748859577	1952.5	2
dataset_name-Levine_seed-420_sub-sampling-10000	dgcytof	4	CD34+CD38+CD123+_HSPCs	CD34+CD38+CD123+_HSPCs	0.1519470423331527	0.1519470423331527	0.26153846153846155	0.11079084849576652	152	2
dataset_name-Levine_seed-420_sub-sampling-10000	dgcytof	5	CD34+CD38+CD123-_HSPCs	CD34+CD38+CD123-_HSPCs	0.20949467156058044	0.20949467156058044	0.3869281045751634	0.19456294597249277	1647.5	2
dataset_name-Levine_seed-420_sub-sampling-10000	dgcytof	6	CD34+CD38lo_HSCs	CD34+CD38lo_HSCs	0.33953706030379505	0.33953706030379505	0.37757013574660636	0.30938738738738736	458	2
dataset_name-Levine_seed-420_sub-sampling-10000	dgcytof	7	CD4_T_cells	CD4_T_cells	0.02466952748911504	0.02466952748911504	0.44883085332523537	0.012732767197857781	13183	2
dataset_name-Levine_seed-420_sub-sampling-10000	dgcytof	8	CD8_T_cells	CD8_T_cells	0.437183383480506	0.437183383480506	0.4591077982670312	0.4836082057293848	10054	2
dataset_name-Levine_seed-420_sub-sampling-10000	dgcytof	9	Mature_B_cells	Mature_B_cells	0.40413236326504565	0.40413236326504565	0.48525990011125053	0.3864123376623377	8260	2
dataset_name-Levine_seed-420_sub-sampling-10000	random	1	Basophils	Basophils	0.006938190362055232	0.006938190362055232	0.003698283770012363	0.057475314492154914	603.5	2
dataset_name-Levine_seed-420_sub-sampling-10000	random	10	Monocytes	Monocytes	0.0733507714746163	0.0733507714746163	0.07823853718648024	0.06946566863196518	10549.5	2
dataset_name-Levine_seed-420_sub-sampling-10000	random	11	Plasma_B_cells	Plasma_B_cells	0.0014474183188253353	0.0014474183188253353	7.369656043786863e-4	0.04030083723570314	165	2
dataset_name-Levine_seed-420_sub-sampling-10000	random	12	Pre_B_cells	Pre_B_cells	0.03818228577575814	0.03818228577575814	0.02753205331151904	0.06811155052367897	3067.5	2
dataset_name-Levine_seed-420_sub-sampling-10000	random	13	Pro_B_cells	Pro_B_cells	0.003947144684046879	0.003947144684046879	0.0020748865210485734	0.05536310185920865	256.5	2
dataset_name-Levine_seed-420_sub-sampling-10000	random	14	pDCs	pDCs	0.011109133303421035	0.011109133303421035	0.006110176586566381	0.06964154700765118	619	2
dataset_name-Levine_seed-420_sub-sampling-10000	random	15	ungated	ungated	0.11958567470778761	0.11958567470778761	0.5915343222761329	0.06652823112631602	80721.5	2
dataset_name-Levine_seed-420_sub-sampling-10000	random	2	CD16+_NK_cells	CD16+_NK_cells	0.013217466455350824	0.013217466455350824	0.0074215882914762405	0.06218797118445301	1124	2
dataset_name-Levine_seed-420_sub-sampling-10000	random	3	CD16-_NK_cells	CD16-_NK_cells	0.025206403096176534	0.025206403096176534	0.015607093033317553	0.06644012545990068	1952.5	2
dataset_name-Levine_seed-420_sub-sampling-10000	random	4	CD34+CD38+CD123+_HSPCs	CD34+CD38+CD123+_HSPCs	0.0018553451770537011	0.0018553451770537011	9.467026230282015e-4	0.04931543865970095	152	2
dataset_name-Levine_seed-420_sub-sampling-10000	random	5	CD34+CD38+CD123-_HSPCs	CD34+CD38+CD123-_HSPCs	0.02439564892495632	0.02439564892495632	0.014939533513770064	0.06898863146751189	1647.5	2
dataset_name-Levine_seed-420_sub-sampling-10000	random	6	CD34+CD38lo_HSCs	CD34+CD38lo_HSCs	0.007793714598940252	0.007793714598940252	0.004096343727766499	0.08003603603603604	458	2
dataset_name-Levine_seed-420_sub-sampling-10000	random	7	CD4_T_cells	CD4_T_cells	0.08086772500023906	0.08086772500023906	0.10246618224165269	0.06697204052661737	13183	2
dataset_name-Levine_seed-420_sub-sampling-10000	random	8	CD8_T_cells	CD8_T_cells	0.07351893515069749	0.07351893515069749	0.08207592638450534	0.06725358476685336	10054	2
dataset_name-Levine_seed-420_sub-sampling-10000	random	9	Mature_B_cells	Mature_B_cells	0.06224764808054582	0.06224764808054582	0.059475915381081504	0.06547077922077922	8260	2
dataset_name-Levine_seed-420_sub-sampling-100000	cyanno	1	Basophils	Basophils	0.10439720582536087	0.10439720582536087	0.41666666666666663	0.06566264084307388	603.5	2
dataset_name-Levine_seed-420_sub-sampling-100000	cyanno	10	Monocytes	Monocytes	0.2685051755040436	0.2685051755040436	0.497955092897742	0.20970073692347949	10549.5	2
dataset_name-Levine_seed-420_sub-sampling-100000	cyanno	11	Plasma_B_cells	Plasma_B_cells	0.18055222088835535	0.18055222088835535	0.49489795918367346	0.1399886476514829	165	2
dataset_name-Levine_seed-420_sub-sampling-100000	cyanno	12	Pre_B_cells	Pre_B_cells	0.24253046175821796	0.24253046175821796	0.4926743882383665	0.18245434263775034	3067.5	2
dataset_name-Levine_seed-420_sub-sampling-100000	cyanno	13	Pro_B_cells	Pro_B_cells	0.13784074979436264	0.13784074979436264	0.4975728155339806	0.0896472270777054	256.5	2
dataset_name-Levine_seed-420_sub-sampling-100000	cyanno	14	pDCs	pDCs	0.03527491718189823	0.03527491718189823	0.41666666666666663	0.018863326695314958	619	2
dataset_name-Levine_seed-420_sub-sampling-100000	cyanno	15	ungated	ungated	0.7050178984665151	0.7050178984665151	0.6208915395718431	0.817303846016125	80721.5	2
dataset_name-Levine_seed-420_sub-sampling-100000	cyanno	2	CD16+_NK_cells	CD16+_NK_cells	0.16756993773568357	0.16756993773568357	0.4966367713004484	0.1215207141660484	1124	2
dataset_name-Levine_seed-420_sub-sampling-100000	cyanno	3	CD16-_NK_cells	CD16-_NK_cells	0.1835623661356031	0.1835623661356031	0.4950976577698234	0.12378384771617322	1952.5	2
dataset_name-Levine_seed-420_sub-sampling-100000	cyanno	4	CD34+CD38+CD123+_HSPCs	CD34+CD38+CD123+_HSPCs	0.016129032258064516	0.016129032258064516	0.5	0.004098360655737705	152	2
dataset_name-Levine_seed-420_sub-sampling-100000	cyanno	5	CD34+CD38+CD123-_HSPCs	CD34+CD38+CD123-_HSPCs	0.16549647184129943	0.16549647184129943	0.496641074856046	0.11423709215104166	1647.5	2
dataset_name-Levine_seed-420_sub-sampling-100000	cyanno	6	CD34+CD38lo_HSCs	CD34+CD38lo_HSCs	0.050082075206807915	0.050082075206807915	0.45	0.0275015015015015	458	2
dataset_name-Levine_seed-420_sub-sampling-100000	cyanno	7	CD4_T_cells	CD4_T_cells	0.3952713424595862	0.3952713424595862	0.4971827785954798	0.3497219001547699	13183	2
dataset_name-Levine_seed-420_sub-sampling-100000	cyanno	8	CD8_T_cells	CD8_T_cells	0.3465204550043173	0.3465204550043173	0.49796357022576904	0.2657284204887514	10054	2
dataset_name-Levine_seed-420_sub-sampling-100000	cyanno	9	Mature_B_cells	Mature_B_cells	0.4072976376898496	0.4072976376898496	0.49515004180120203	0.34837662337662334	8260	2
dataset_name-Levine_seed-420_sub-sampling-100000	cygate	1	Basophils	Basophils	0.5281267452106396	0.5281267452106396	0.3618457601723877	0.9937237730341179	603	2
dataset_name-Levine_seed-420_sub-sampling-100000	cygate	10	Monocytes	Monocytes	0.5671505717920362	0.5671505717920362	0.39661465240787874	0.9965055865554207	10538	2
dataset_name-Levine_seed-420_sub-sampling-100000	cygate	11	Plasma_B_cells	Plasma_B_cells	0.5156072762198101	0.5156072762198101	0.3701975456702955	0.8758905671131376	164.5	2
dataset_name-Levine_seed-420_sub-sampling-100000	cygate	12	Pre_B_cells	Pre_B_cells	0.5736806507698771	0.5736806507698771	0.40529094468196003	0.9898826268625567	3045.5	2
dataset_name-Levine_seed-420_sub-sampling-100000	cygate	13	Pro_B_cells	Pro_B_cells	0.3375998547567175	0.3375998547567175	0.2425765261777209	0.5551038627704179	256	2
dataset_name-Levine_seed-420_sub-sampling-100000	cygate	14	pDCs	pDCs	0.4856129088224804	0.4856129088224804	0.32387884620295926	0.9716396368026032	618.5	2
dataset_name-Levine_seed-420_sub-sampling-100000	cygate	15	ungated	ungated	0.06587860492872093	0.06587860492872093	0.8761966883869392	0.034249095224661345	75628.5	2
dataset_name-Levine_seed-420_sub-sampling-100000	cygate	2	CD16+_NK_cells	CD16+_NK_cells	0.5389235251328097	0.5389235251328097	0.3907630359251204	0.8711461599214991	1124	2
dataset_name-Levine_seed-420_sub-sampling-100000	cygate	3	CD16-_NK_cells	CD16-_NK_cells	0.5337086369886987	0.5337086369886987	0.38425109575489746	0.8927704569125572	1924.5	2
dataset_name-Levine_seed-420_sub-sampling-100000	cygate	4	CD34+CD38+CD123+_HSPCs	CD34+CD38+CD123+_HSPCs	0.02457437541662747	0.02457437541662747	0.0171062039957939	0.04373085930462979	152	2
dataset_name-Levine_seed-420_sub-sampling-100000	cygate	5	CD34+CD38+CD123-_HSPCs	CD34+CD38+CD123-_HSPCs	0.5797696063623138	0.5797696063623138	0.4124856575018393	0.980873799636544	1644	2
dataset_name-Levine_seed-420_sub-sampling-100000	cygate	6	CD34+CD38lo_HSCs	CD34+CD38lo_HSCs	0.5987735755648815	0.5987735755648815	0.4301914922984437	0.9857357357357357	458	2
dataset_name-Levine_seed-420_sub-sampling-100000	cygate	7	CD4_T_cells	CD4_T_cells	0.5894081566447389	0.5894081566447389	0.4204037464264163	0.9900086348039682	13164	2
dataset_name-Levine_seed-420_sub-sampling-100000	cygate	8	CD8_T_cells	CD8_T_cells	0.604519383512911	0.604519383512911	0.4344340619329077	0.9970078982138364	10049.5	2
dataset_name-Levine_seed-420_sub-sampling-100000	cygate	9	Mature_B_cells	Mature_B_cells	0.6198467744113728	0.6198467744113728	0.4529068472092607	0.9820286443472196	8108	2
dataset_name-Levine_seed-420_sub-sampling-100000	dgcytof	1	Basophils	Basophils	0.011011344190654455	0.011011344190654455	0.39	0.00561549739577005	603.5	2
dataset_name-Levine_seed-420_sub-sampling-100000	dgcytof	10	Monocytes	Monocytes	0.48095459189686846	0.48095459189686846	0.4788665887412126	0.5274993420992705	10549.5	2
dataset_name-Levine_seed-420_sub-sampling-100000	dgcytof	11	Plasma_B_cells	Plasma_B_cells	0.21238938053097348	0.21238938053097348	0.23076923076923078	0.06896551724137931	165	2
dataset_name-Levine_seed-420_sub-sampling-100000	dgcytof	12	Pre_B_cells	Pre_B_cells	0.04137625843566767	0.04137625843566767	0.454289071680376	0.021695930028634472	3067.5	2
dataset_name-Levine_seed-420_sub-sampling-100000	dgcytof	13	Pro_B_cells	Pro_B_cells	0.2621034823064994	0.2621034823064994	0.4829842931937173	0.2895598283807405	256.5	2
dataset_name-Levine_seed-420_sub-sampling-100000	dgcytof	14	pDCs	pDCs	0.5700615174299385	0.5700615174299385	0.4722536806342016	0.3594827586206897	619	2
dataset_name-Levine_seed-420_sub-sampling-100000	dgcytof	15	ungated	ungated	0.6381621306376948	0.6381621306376948	0.6564060086861208	0.6678492521080336	80721.5	2
dataset_name-Levine_seed-420_sub-sampling-100000	dgcytof	2	CD16+_NK_cells	CD16+_NK_cells	0.2836088714905669	0.2836088714905669	0.44839552966411544	0.21295502955747553	1124	2
dataset_name-Levine_seed-420_sub-sampling-100000	dgcytof	3	CD16-_NK_cells	CD16-_NK_cells	0.28876683104138723	0.28876683104138723	0.3993562568692102	0.3793172558094812	1952.5	2
dataset_name-Levine_seed-420_sub-sampling-100000	dgcytof	4	CD34+CD38+CD123+_HSPCs	CD34+CD38+CD123+_HSPCs	0.21153669514099385	0.21153669514099385	0.3695652173913043	0.15461178166096198	152	2
dataset_name-Levine_seed-420_sub-sampling-100000	dgcytof	5	CD34+CD38+CD123-_HSPCs	CD34+CD38+CD123-_HSPCs	0.5542014111610005	0.5542014111610005	0.22869242985706723	0.3515052888527258	1647.5	2
dataset_name-Levine_seed-420_sub-sampling-100000	dgcytof	6	CD34+CD38lo_HSCs	CD34+CD38lo_HSCs	0.06826828669612175	0.06826828669612175	0.3983739837398374	0.0395015015015015	458	2
dataset_name-Levine_seed-420_sub-sampling-100000	dgcytof	7	CD4_T_cells	CD4_T_cells	0.31388804156480204	0.31388804156480204	0.4543233919169875	0.40359614472785377	13183	2
dataset_name-Levine_seed-420_sub-sampling-100000	dgcytof	8	CD8_T_cells	CD8_T_cells	0.4628532275546787	0.4628532275546787	0.47498054941829326	0.567820383095157	10054	2
dataset_name-Levine_seed-420_sub-sampling-100000	dgcytof	9	Mature_B_cells	Mature_B_cells	0.4605140537758468	0.4605140537758468	0.4885508325831357	0.518146645021645	8260	2
dataset_name-Levine_seed-420_sub-sampling-100000	random	1	Basophils	Basophils	0.006938190362055232	0.006938190362055232	0.003698283770012363	0.057475314492154914	603.5	2
dataset_name-Levine_seed-420_sub-sampling-100000	random	10	Monocytes	Monocytes	0.0733507714746163	0.0733507714746163	0.07823853718648024	0.06946566863196518	10549.5	2
dataset_name-Levine_seed-420_sub-sampling-100000	random	11	Plasma_B_cells	Plasma_B_cells	0.0014474183188253353	0.0014474183188253353	7.369656043786863e-4	0.04030083723570314	165	2
dataset_name-Levine_seed-420_sub-sampling-100000	random	12	Pre_B_cells	Pre_B_cells	0.03818228577575814	0.03818228577575814	0.02753205331151904	0.06811155052367897	3067.5	2
dataset_name-Levine_seed-420_sub-sampling-100000	random	13	Pro_B_cells	Pro_B_cells	0.003947144684046879	0.003947144684046879	0.0020748865210485734	0.05536310185920865	256.5	2
dataset_name-Levine_seed-420_sub-sampling-100000	random	14	pDCs	pDCs	0.011109133303421035	0.011109133303421035	0.006110176586566381	0.06964154700765118	619	2
dataset_name-Levine_seed-420_sub-sampling-100000	random	15	ungated	ungated	0.11958567470778761	0.11958567470778761	0.5915343222761329	0.06652823112631602	80721.5	2
dataset_name-Levine_seed-420_sub-sampling-100000	random	2	CD16+_NK_cells	CD16+_NK_cells	0.013217466455350824	0.013217466455350824	0.0074215882914762405	0.06218797118445301	1124	2
dataset_name-Levine_seed-420_sub-sampling-100000	random	3	CD16-_NK_cells	CD16-_NK_cells	0.025206403096176534	0.025206403096176534	0.015607093033317553	0.06644012545990068	1952.5	2
dataset_name-Levine_seed-420_sub-sampling-100000	random	4	CD34+CD38+CD123+_HSPCs	CD34+CD38+CD123+_HSPCs	0.0018553451770537011	0.0018553451770537011	9.467026230282015e-4	0.04931543865970095	152	2
dataset_name-Levine_seed-420_sub-sampling-100000	random	5	CD34+CD38+CD123-_HSPCs	CD34+CD38+CD123-_HSPCs	0.02439564892495632	0.02439564892495632	0.014939533513770064	0.06898863146751189	1647.5	2
dataset_name-Levine_seed-420_sub-sampling-100000	random	6	CD34+CD38lo_HSCs	CD34+CD38lo_HSCs	0.007793714598940252	0.007793714598940252	0.004096343727766499	0.08003603603603604	458	2
dataset_name-Levine_seed-420_sub-sampling-100000	random	7	CD4_T_cells	CD4_T_cells	0.08086772500023906	0.08086772500023906	0.10246618224165269	0.06697204052661737	13183	2
dataset_name-Levine_seed-420_sub-sampling-100000	random	8	CD8_T_cells	CD8_T_cells	0.07351893515069749	0.07351893515069749	0.08207592638450534	0.06725358476685336	10054	2
dataset_name-Levine_seed-420_sub-sampling-100000	random	9	Mature_B_cells	Mature_B_cells	0.06224764808054582	0.06224764808054582	0.059475915381081504	0.06547077922077922	8260	2
dataset_name-Levine_seed-420_sub-sampling-50000	cyanno	1	Basophils	Basophils	0.09996109958506223	0.09996109958506223	0.4957627118644068	0.060312426591496354	603.5	2
dataset_name-Levine_seed-420_sub-sampling-50000	cyanno	10	Monocytes	Monocytes	0.22472302809120864	0.22472302809120864	0.4969624994875579	0.1641004203645947	10549.5	2
dataset_name-Levine_seed-420_sub-sampling-50000	cyanno	11	Plasma_B_cells	Plasma_B_cells	0.17847697218422254	0.17847697218422254	0.41666666666666663	0.12892010784731092	165	2
dataset_name-Levine_seed-420_sub-sampling-50000	cyanno	12	Pre_B_cells	Pre_B_cells	0.238019530807919	0.238019530807919	0.4882562741942499	0.17751529272938238	3067.5	2
dataset_name-Levine_seed-420_sub-sampling-50000	cyanno	13	Pro_B_cells	Pro_B_cells	0.06106934001670843	0.06106934001670843	0.4642857142857143	0.03319561417447958	256.5	2
dataset_name-Levine_seed-420_sub-sampling-50000	cyanno	14	pDCs	pDCs	0.028605046669830724	0.028605046669830724	0.5	0.014846452153862278	619	2
dataset_name-Levine_seed-420_sub-sampling-50000	cyanno	15	ungated	ungated	0.7082152661177663	0.7082152661177663	0.6187395593953362	0.8290506922326504	80721.5	2
dataset_name-Levine_seed-420_sub-sampling-50000	cyanno	2	CD16+_NK_cells	CD16+_NK_cells	0.14699453551912567	0.14699453551912567	0.4860989010989011	0.0985197329057272	1124	2
dataset_name-Levine_seed-420_sub-sampling-50000	cyanno	3	CD16-_NK_cells	CD16-_NK_cells	0.20031355646569776	0.20031355646569776	0.4996350364963503	0.14622408053784708	1952.5	2
dataset_name-Levine_seed-420_sub-sampling-50000	cyanno	4	CD34+CD38+CD123+_HSPCs	CD34+CD38+CD123+_HSPCs	0.016129032258064516	0.016129032258064516	0.5	0.004098360655737705	152	2
dataset_name-Levine_seed-420_sub-sampling-50000	cyanno	5	CD34+CD38+CD123-_HSPCs	CD34+CD38+CD123-_HSPCs	0.16861067575094232	0.16861067575094232	0.4971767363071711	0.10570183142623765	1647.5	2
dataset_name-Levine_seed-420_sub-sampling-50000	cyanno	6	CD34+CD38lo_HSCs	CD34+CD38lo_HSCs	0.06008930267908037	0.06008930267908037	0.4907407407407407	0.03275675675675675	458	2
dataset_name-Levine_seed-420_sub-sampling-50000	cyanno	7	CD4_T_cells	CD4_T_cells	0.3465759422966639	0.3465759422966639	0.49766511820720094	0.27934914211511397	13183	2
dataset_name-Levine_seed-420_sub-sampling-50000	cyanno	8	CD8_T_cells	CD8_T_cells	0.37725765575293235	0.37725765575293235	0.497901616762317	0.3107294991564561	10054	2
dataset_name-Levine_seed-420_sub-sampling-50000	cyanno	9	Mature_B_cells	Mature_B_cells	0.3989370429285274	0.3989370429285274	0.4920101622251918	0.33688582251082255	8260	2
dataset_name-Levine_seed-420_sub-sampling-50000	cygate	1	Basophils	Basophils	0.5296616287197351	0.5296616287197351	0.36319599332220365	0.9918080642218573	603	2
dataset_name-Levine_seed-420_sub-sampling-50000	cygate	10	Monocytes	Monocytes	0.5818339666412462	0.5818339666412462	0.4122623345367028	0.9883769748504685	10538	2
dataset_name-Levine_seed-420_sub-sampling-50000	cygate	11	Plasma_B_cells	Plasma_B_cells	0.25187185081702174	0.25187185081702174	0.19225215415206895	0.37484035759897827	165	2
dataset_name-Levine_seed-420_sub-sampling-50000	cygate	12	Pre_B_cells	Pre_B_cells	0.562650550629278	0.562650550629278	0.3950128940826615	0.9901299556560713	3050.5	2
dataset_name-Levine_seed-420_sub-sampling-50000	cygate	13	Pro_B_cells	Pro_B_cells	0.3278487838062366	0.3278487838062366	0.23379010695187166	0.5502860320991578	256.5	2
dataset_name-Levine_seed-420_sub-sampling-50000	cygate	14	pDCs	pDCs	0.4914426545831981	0.4914426545831981	0.32805991283506564	0.9832317073170731	618	2
dataset_name-Levine_seed-420_sub-sampling-50000	cygate	15	ungated	ungated	0.07549852659285326	0.07549852659285326	0.8790774029148603	0.0395649359452731	75838.5	2
dataset_name-Levine_seed-420_sub-sampling-50000	cygate	2	CD16+_NK_cells	CD16+_NK_cells	0.5251651191354332	0.5251651191354332	0.3760002234512039	0.8711461599214991	1124	2
dataset_name-Levine_seed-420_sub-sampling-50000	cygate	3	CD16-_NK_cells	CD16-_NK_cells	0.530655776779824	0.530655776779824	0.3845991700381447	0.8787607170693688	1933	2
dataset_name-Levine_seed-420_sub-sampling-50000	cygate	4	CD34+CD38+CD123+_HSPCs	CD34+CD38+CD123+_HSPCs	0.009279192543589616	0.009279192543589616	0.005482192877150861	0.04373085930462979	152	2
dataset_name-Levine_seed-420_sub-sampling-50000	cygate	5	CD34+CD38+CD123-_HSPCs	CD34+CD38+CD123-_HSPCs	0.5802761359567334	0.5802761359567334	0.4153712997214821	0.9702129727986646	1645	2
dataset_name-Levine_seed-420_sub-sampling-50000	cygate	6	CD34+CD38lo_HSCs	CD34+CD38lo_HSCs	0.5881227793658002	0.5881227793658002	0.4191044031162518	0.9857357357357357	458	2
dataset_name-Levine_seed-420_sub-sampling-50000	cygate	7	CD4_T_cells	CD4_T_cells	0.5894610647729565	0.5894610647729565	0.42006874948596196	0.9921984791296499	13166.5	2
dataset_name-Levine_seed-420_sub-sampling-50000	cygate	8	CD8_T_cells	CD8_T_cells	0.6029311129771456	0.6029311129771456	0.4325262754651704	0.9980632804849403	10050	2
dataset_name-Levine_seed-420_sub-sampling-50000	cygate	9	Mature_B_cells	Mature_B_cells	0.6202758647082371	0.6202758647082371	0.4534873371604632	0.9814686804489354	8101.5	2
dataset_name-Levine_seed-420_sub-sampling-50000	dgcytof	1	Basophils	Basophils	0.3218080149114632	0.3218080149114632	0.3680581039755352	0.3224668497322868	603.5	2
dataset_name-Levine_seed-420_sub-sampling-50000	dgcytof	10	Monocytes	Monocytes	0.23280720593946955	0.23280720593946955	0.47019740417254063	0.20105191196379846	10549.5	2
dataset_name-Levine_seed-420_sub-sampling-50000	dgcytof	11	Plasma_B_cells	Plasma_B_cells	0.4029475736893422	0.4029475736893422	0.4310313739632167	0.42315879097488296	165	2
dataset_name-Levine_seed-420_sub-sampling-50000	dgcytof	12	Pre_B_cells	Pre_B_cells	0.15448015545314356	0.15448015545314356	0.45849889010277856	0.1048318421510758	3067.5	2
dataset_name-Levine_seed-420_sub-sampling-50000	dgcytof	13	Pro_B_cells	Pro_B_cells	0.13250593567882582	0.13250593567882582	0.3856521739130435	0.08345781026537422	256.5	2
dataset_name-Levine_seed-420_sub-sampling-50000	dgcytof	14	pDCs	pDCs	0.16341754205065412	0.16341754205065412	0.4568527918781726	0.12817052719840688	619	2
dataset_name-Levine_seed-420_sub-sampling-50000	dgcytof	15	ungated	ungated	0.6975008576178419	0.6975008576178419	0.6123804342010337	0.8101237909828272	80721.5	2
dataset_name-Levine_seed-420_sub-sampling-50000	dgcytof	2	CD16+_NK_cells	CD16+_NK_cells	0.055267599476214194	0.055267599476214194	0.44902073732718895	0.030532752554866812	1124	2
dataset_name-Levine_seed-420_sub-sampling-50000	dgcytof	3	CD16-_NK_cells	CD16-_NK_cells	0.3252848979140491	0.3252848979140491	0.3995210383822547	0.46531816543505405	1952.5	2
dataset_name-Levine_seed-420_sub-sampling-50000	dgcytof	4	CD34+CD38+CD123+_HSPCs	CD34+CD38+CD123+_HSPCs	0.19955551065764218	0.19955551065764218	0.3665413533834586	0.39213655197261754	152	2
dataset_name-Levine_seed-420_sub-sampling-50000	dgcytof	5	CD34+CD38+CD123-_HSPCs	CD34+CD38+CD123-_HSPCs	0.26414160795439845	0.26414160795439845	0.44239141092263945	0.2184403693571852	1647.5	2
dataset_name-Levine_seed-420_sub-sampling-50000	dgcytof	6	CD34+CD38lo_HSCs	CD34+CD38lo_HSCs	0.4458206525585675	0.4458206525585675	0.424203474332009	0.4981681681681682	458	2
dataset_name-Levine_seed-420_sub-sampling-50000	dgcytof	7	CD4_T_cells	CD4_T_cells	0.20250216997327358	0.20250216997327358	0.4495342396434975	0.16437793998524602	13183	2
dataset_name-Levine_seed-420_sub-sampling-50000	dgcytof	8	CD8_T_cells	CD8_T_cells	0.47378499329188034	0.47378499329188034	0.45924229960593393	0.4903388673127922	10054	2
dataset_name-Levine_seed-420_sub-sampling-50000	dgcytof	9	Mature_B_cells	Mature_B_cells	0.05567192667559491	0.05567192667559491	0.3726459510357816	0.031350108225108225	8260	2
dataset_name-Levine_seed-420_sub-sampling-50000	random	1	Basophils	Basophils	0.006938190362055232	0.006938190362055232	0.003698283770012363	0.057475314492154914	603.5	2
dataset_name-Levine_seed-420_sub-sampling-50000	random	10	Monocytes	Monocytes	0.0733507714746163	0.0733507714746163	0.07823853718648024	0.06946566863196518	10549.5	2
dataset_name-Levine_seed-420_sub-sampling-50000	random	11	Plasma_B_cells	Plasma_B_cells	0.0014474183188253353	0.0014474183188253353	7.369656043786863e-4	0.04030083723570314	165	2
dataset_name-Levine_seed-420_sub-sampling-50000	random	12	Pre_B_cells	Pre_B_cells	0.03818228577575814	0.03818228577575814	0.02753205331151904	0.06811155052367897	3067.5	2
dataset_name-Levine_seed-420_sub-sampling-50000	random	13	Pro_B_cells	Pro_B_cells	0.003947144684046879	0.003947144684046879	0.0020748865210485734	0.05536310185920865	256.5	2
dataset_name-Levine_seed-420_sub-sampling-50000	random	14	pDCs	pDCs	0.011109133303421035	0.011109133303421035	0.006110176586566381	0.06964154700765118	619	2
dataset_name-Levine_seed-420_sub-sampling-50000	random	15	ungated	ungated	0.11958567470778761	0.11958567470778761	0.5915343222761329	0.06652823112631602	80721.5	2
dataset_name-Levine_seed-420_sub-sampling-50000	random	2	CD16+_NK_cells	CD16+_NK_cells	0.013217466455350824	0.013217466455350824	0.0074215882914762405	0.06218797118445301	1124	2
dataset_name-Levine_seed-420_sub-sampling-50000	random	3	CD16-_NK_cells	CD16-_NK_cells	0.025206403096176534	0.025206403096176534	0.015607093033317553	0.06644012545990068	1952.5	2
dataset_name-Levine_seed-420_sub-sampling-50000	random	4	CD34+CD38+CD123+_HSPCs	CD34+CD38+CD123+_HSPCs	0.0018553451770537011	0.0018553451770537011	9.467026230282015e-4	0.04931543865970095	152	2
dataset_name-Levine_seed-420_sub-sampling-50000	random	5	CD34+CD38+CD123-_HSPCs	CD34+CD38+CD123-_HSPCs	0.02439564892495632	0.02439564892495632	0.014939533513770064	0.06898863146751189	1647.5	2
dataset_name-Levine_seed-420_sub-sampling-50000	random	6	CD34+CD38lo_HSCs	CD34+CD38lo_HSCs	0.007793714598940252	0.007793714598940252	0.004096343727766499	0.08003603603603604	458	2
dataset_name-Levine_seed-420_sub-sampling-50000	random	7	CD4_T_cells	CD4_T_cells	0.08086772500023906	0.08086772500023906	0.10246618224165269	0.06697204052661737	13183	2
dataset_name-Levine_seed-420_sub-sampling-50000	random	8	CD8_T_cells	CD8_T_cells	0.07351893515069749	0.07351893515069749	0.08207592638450534	0.06725358476685336	10054	2
dataset_name-Levine_seed-420_sub-sampling-50000	random	9	Mature_B_cells	Mature_B_cells	0.06224764808054582	0.06224764808054582	0.059475915381081504	0.06547077922077922	8260	2
dataset_name-Samusik_seed-42	cyanno	1	B-cell Frac A-C (pro-B cells)	B-cell Frac A-C (pro-B cells)	0.1750297265160523	0.1912298402437727	0.9517684887459807	0.09636030374443572	3795	5
dataset_name-Samusik_seed-42	cyanno	10	HSC	HSC	NA	NA	NA	0	26	5
dataset_name-Samusik_seed-42	cyanno	11	IgD- IgMpos B cells	IgD- IgMpos B cells	0.9374985846599788	0.9388573769798392	0.9285375528153833	0.9488654595461838	44647	5
dataset_name-Samusik_seed-42	cyanno	12	IgDpos IgMpos B cells	IgDpos IgMpos B cells	0.9827355823230954	0.9824710066527105	0.97682044957677	0.9879106438896189	102735	5
dataset_name-Samusik_seed-42	cyanno	13	IgM- IgD- B-cells	IgM- IgD- B-cells	0.8954209589558276	0.8954948825369627	0.9177477074479982	0.8847358529964502	18870	5
dataset_name-Samusik_seed-42	cyanno	14	Intermediate Monocytes	Intermediate Monocytes	0.946354736308587	0.944202179259359	0.9374546509940502	0.955839956890745	75371	5
dataset_name-Samusik_seed-42	cyanno	15	MEP	MEP	0.6957232998364103	0.675429581070087	0.7933374460209747	0.6218926258617088	4885	5
dataset_name-Samusik_seed-42	cyanno	16	MPP	MPP	0.12020033388981635	0.11115564335803471	0.9375	0.06422836752899197	1121	5
dataset_name-Samusik_seed-42	cyanno	17	Macrophages	Macrophages	0.5297095656807888	0.5236171564628048	0.8369565217391305	0.38319198149575945	2637	5
dataset_name-Samusik_seed-42	cyanno	18	NK cells	NK cells	0.838868855570317	0.8308863255084502	0.9387277829747428	0.7578875171467764	2916	5
dataset_name-Samusik_seed-42	cyanno	19	NKT cells	NKT cells	0.932090006081492	0.9273443710807956	0.9528481875170346	0.9130262112787927	7640	5
dataset_name-Samusik_seed-42	cyanno	2	Basophils	Basophils	0.7818756585879875	0.7816698656855148	0.9046052631578947	0.6909636909636909	3635	5
dataset_name-Samusik_seed-42	cyanno	20	Non-Classical Monocytes	Non-Classical Monocytes	0.9475446428571428	0.9455955040259297	0.9372461129009665	0.9523809523809523	7089	5
dataset_name-Samusik_seed-42	cyanno	21	Plasma Cells	Plasma Cells	0.48487626031164066	0.5796548978076023	0.9253731343283582	0.3380191693290735	1545	5
dataset_name-Samusik_seed-42	cyanno	22	gd T cells	gd T cells	0.17277486910994766	0.14874554160136905	1	0.09455587392550144	349	5
dataset_name-Samusik_seed-42	cyanno	23	mDCs	mDCs	0.45899172310007513	0.40561127397409624	0.8543417366946778	0.31378600823045266	980	5
dataset_name-Samusik_seed-42	cyanno	24	pDCs	pDCs	0.9801274996366053	0.9800432107194763	0.9794511859963638	0.9806487127371274	23782	5
dataset_name-Samusik_seed-42	cyanno	25	ungated	ungated	0.9074230384395754	0.9066347832927514	0.8951358346663338	0.919914939648135	296206	5
dataset_name-Samusik_seed-42	cyanno	3	CD4 T cells	CD4 T cells	0.9301151282569179	0.9258523325085257	0.9544588011014615	0.9019090170593014	5073	5
dataset_name-Samusik_seed-42	cyanno	4	CD8 T cells	CD8 T cells	0.9763998564249821	0.9736724452652098	0.9774523895077255	0.9727164887307236	11156	5
dataset_name-Samusik_seed-42	cyanno	5	CLP	CLP	NA	NA	NA	0	434	5
dataset_name-Samusik_seed-42	cyanno	6	CMP	CMP	0.09189468249870934	0.11173662853571435	0.9416666666666667	0.048317046688382194	1842	5
dataset_name-Samusik_seed-42	cyanno	7	Classical Monocytes	Classical Monocytes	0.957718923632461	0.9560990050216895	0.938963356253808	0.9780007763088796	89264	5
dataset_name-Samusik_seed-42	cyanno	8	Eosinophils	Eosinophils	0.955380350025992	0.9553137461123637	0.9460004029820673	0.9644887606052654	48584	5
dataset_name-Samusik_seed-42	cyanno	9	GMP	GMP	0.6507199809591813	0.6569801061711107	0.8562125553529565	0.5152657369016208	5418	5
dataset_name-Samusik_seed-42	cygate	1	B-cell Frac A-C (pro-B cells)	B-cell Frac A-C (pro-B cells)	0.08009205983889527	0.09739738588448282	0.2979452054794521	0.046264291411858546	3795	5
dataset_name-Samusik_seed-42	cygate	10	HSC	HSC	0.022222222222222223	0.03527934714375393	0.008714596949891068	0.15384615384615385	26	5
dataset_name-Samusik_seed-42	cygate	11	IgD- IgMpos B cells	IgD- IgMpos B cells	0.7918159771238282	0.7922711934973269	0.6578306369158597	0.9943409090909091	44627	5
dataset_name-Samusik_seed-42	cygate	12	IgDpos IgMpos B cells	IgDpos IgMpos B cells	0.9285210567238668	0.9345689204481193	0.8666300999957808	0.9999428990169114	102707	5
dataset_name-Samusik_seed-42	cygate	13	IgM- IgD- B-cells	IgM- IgD- B-cells	0.5149562880141872	0.5232533877397668	0.34782608695652173	0.9900635282619319	18870	5
dataset_name-Samusik_seed-42	cygate	14	Intermediate Monocytes	Intermediate Monocytes	0.8361134229682683	0.8377555949551317	0.7194891917245831	0.9955513140508002	71481	5
dataset_name-Samusik_seed-42	cygate	15	MEP	MEP	0.6771491348530625	0.680939854533498	0.5141814389989573	0.9919662582847961	4885	5
dataset_name-Samusik_seed-42	cygate	16	MPP	MPP	0.3927893738140418	0.3735249407078468	0.24913254684247052	0.9241071428571429	1121	5
dataset_name-Samusik_seed-42	cygate	17	Macrophages	Macrophages	0.46925223751323264	0.46926196034434314	0.31480204166091874	0.9237883832778394	2632	5
dataset_name-Samusik_seed-42	cygate	18	NK cells	NK cells	0.5178987502647745	0.5173851708685407	0.361561405783945	0.9102730819245773	2916	5
dataset_name-Samusik_seed-42	cygate	19	NKT cells	NKT cells	0.671649379703071	0.6784061895563878	0.5517500626514076	0.8581265428088866	7640	5
dataset_name-Samusik_seed-42	cygate	2	Basophils	Basophils	0.6323802088416123	0.6284498305412706	0.4787234042553192	0.8898833740168158	3626	5
dataset_name-Samusik_seed-42	cygate	20	Non-Classical Monocytes	Non-Classical Monocytes	0.8543203540958368	0.7795661804819563	0.7876682108978601	0.942266874204047	7067	5
dataset_name-Samusik_seed-42	cygate	21	Plasma Cells	Plasma Cells	0.7896389324960753	0.7874744118442414	0.6712633451957295	0.9587039390088945	1543	5
dataset_name-Samusik_seed-42	cygate	22	gd T cells	gd T cells	0.2915506035283194	0.2992852256146644	0.1736725663716814	0.9104046242774566	348	5
dataset_name-Samusik_seed-42	cygate	23	mDCs	mDCs	0.6456361724500526	0.6492457783247948	0.4898936170212766	0.9395546129374337	967	5
dataset_name-Samusik_seed-42	cygate	24	pDCs	pDCs	0.9430764179594516	0.943734064083661	0.9208912755981244	0.9669775649105117	23779	5
dataset_name-Samusik_seed-42	cygate	25	ungated	ungated	0.41500923982835847	0.41882776923927484	0.9906814367237328	0.2624716818717157	273956	5
dataset_name-Samusik_seed-42	cygate	3	CD4 T cells	CD4 T cells	0.6528976153271282	0.652914616894281	0.4891219891219891	0.9820026804518476	5071	5
dataset_name-Samusik_seed-42	cygate	4	CD8 T cells	CD8 T cells	0.7847772615468708	0.7881731590837325	0.6476093820478124	0.9957736126424109	11156	5
dataset_name-Samusik_seed-42	cygate	5	CLP	CLP	0.10823145884270578	0.09788666796443847	0.05817417206938847	0.7757009345794392	434	5
dataset_name-Samusik_seed-42	cygate	6	CMP	CMP	0.3585959313921021	0.3562819039376358	0.2188412852969815	0.9978201634877384	1842	5
dataset_name-Samusik_seed-42	cygate	7	Classical Monocytes	Classical Monocytes	0.8288224615756988	0.8269707534222316	0.7104669112154962	0.9944935583926766	86081	5
dataset_name-Samusik_seed-42	cygate	8	Eosinophils	Eosinophils	0.8634608565462354	0.864022069314939	0.8267776384296736	0.9028384279475983	48278	5
dataset_name-Samusik_seed-42	cygate	9	GMP	GMP	0.4985996888197377	0.5114899474392041	0.332680785430385	0.9946789641716921	5418	5
dataset_name-Samusik_seed-42	dgcytof	1	B-cell Frac A-C (pro-B cells)	B-cell Frac A-C (pro-B cells)	0.565425023877746	0.5408876325181435	0.7332526230831315	0.4718384697130712	3795	5
dataset_name-Samusik_seed-42	dgcytof	10	HSC	HSC	0.1111111111111111	0.1111111111111111	0	0	26	5
dataset_name-Samusik_seed-42	dgcytof	11	IgD- IgMpos B cells	IgD- IgMpos B cells	0.9011881357380972	0.9008572664724777	0.8706337298987807	0.9443272977309191	44647	5
dataset_name-Samusik_seed-42	dgcytof	12	IgDpos IgMpos B cells	IgDpos IgMpos B cells	0.966655398991466	0.966610083534362	0.9444263481722766	0.9899560875214584	102735	5
dataset_name-Samusik_seed-42	dgcytof	13	IgM- IgD- B-cells	IgM- IgD- B-cells	0.8464255330119365	0.8461573507408247	0.8253615127919911	0.8908958028816036	18870	5
dataset_name-Samusik_seed-42	dgcytof	14	Intermediate Monocytes	Intermediate Monocytes	0.9212807920896925	0.9203152058180735	0.8954526353321702	0.9539014304114976	75371	5
dataset_name-Samusik_seed-42	dgcytof	15	MEP	MEP	0.7265061217870753	0.7111162594885857	0.6376097335592176	0.8474923234390993	4885	5
dataset_name-Samusik_seed-42	dgcytof	16	MPP	MPP	0.5540086413826213	0.5566631907634598	0.6099616858237548	0.5147190008920607	1121	5
dataset_name-Samusik_seed-42	dgcytof	17	Macrophages	Macrophages	0.569620253164557	0.5430188158504681	0.639261744966443	0.5290102389078498	2637	5
dataset_name-Samusik_seed-42	dgcytof	18	NK cells	NK cells	0.7629697525206233	0.7620255306832443	0.7866756393001346	0.7660550458715596	2916	5
dataset_name-Samusik_seed-42	dgcytof	19	NKT cells	NKT cells	0.8721531367891575	0.869836664422878	0.8788981288981289	0.8845151199165797	7640	5
dataset_name-Samusik_seed-42	dgcytof	2	Basophils	Basophils	0.7929646743180803	0.7753607294129755	0.8545258620689655	0.7354160906828864	3635	5
dataset_name-Samusik_seed-42	dgcytof	20	Non-Classical Monocytes	Non-Classical Monocytes	0.8994907531492897	0.8953201010926952	0.8478473581213307	0.9668683376548545	7089	5
dataset_name-Samusik_seed-42	dgcytof	21	Plasma Cells	Plasma Cells	0.7693365417669302	0.6962860890136549	0.8203812316715543	0.7242718446601941	1545	5
dataset_name-Samusik_seed-42	dgcytof	22	gd T cells	gd T cells	0.6188197767145136	0.6102854733325501	0.7132352941176471	0.5464788732394367	349	5
dataset_name-Samusik_seed-42	dgcytof	23	mDCs	mDCs	0.5175983436853002	0.5207096554412058	0.696875	0.39267015706806285	980	5
dataset_name-Samusik_seed-42	dgcytof	24	pDCs	pDCs	0.9602510034024	0.9598718967570216	0.9417735683171482	0.9792891950932616	23782	5
dataset_name-Samusik_seed-42	dgcytof	25	ungated	ungated	0.8577843508644474	0.8571575848374826	0.8970923231216049	0.8214585783901865	296206	5
dataset_name-Samusik_seed-42	dgcytof	3	CD4 T cells	CD4 T cells	0.8005311581143887	0.7981230167449654	0.7214274232438515	0.8776396289717782	5073	5
dataset_name-Samusik_seed-42	dgcytof	4	CD8 T cells	CD8 T cells	0.8880426504188881	0.892851151481417	0.8802354346157127	0.92497310864109	11156	5
dataset_name-Samusik_seed-42	dgcytof	5	CLP	CLP	0.13305613305613304	0.15841145847102966	0.4166666666666667	0.07476635514018691	434	5
dataset_name-Samusik_seed-42	dgcytof	6	CMP	CMP	0.5815789473684211	0.5603574193700683	0.6420664206642066	0.5427792915531335	1842	5
dataset_name-Samusik_seed-42	dgcytof	7	Classical Monocytes	Classical Monocytes	0.9311130923495355	0.9306845657707854	0.9078603324904503	0.9633894562517251	89264	5
dataset_name-Samusik_seed-42	dgcytof	8	Eosinophils	Eosinophils	0.9397743659343456	0.9391679797060615	0.9254607731202088	0.9606975809011831	48584	5
dataset_name-Samusik_seed-42	dgcytof	9	GMP	GMP	0.6980325064157399	0.698110003524714	0.7056730949260438	0.6970593674865915	5418	5
dataset_name-Samusik_seed-42	random	1	B-cell Frac A-C (pro-B cells)	B-cell Frac A-C (pro-B cells)	0.008546763415263716	0.008608932902289056	0.004812638985694845	0.03852284803400638	3795	5
dataset_name-Samusik_seed-42	random	10	HSC	HSC	6.678688305616777e-5	7.946691134429453e-5	3.342245989304813e-5	0.038461538461538464	26	5
dataset_name-Samusik_seed-42	random	11	IgD- IgMpos B cells	IgD- IgMpos B cells	0.047311657624120505	0.04745110446171522	0.059252782728587285	0.03946513763522745	44647	5
dataset_name-Samusik_seed-42	random	12	IgDpos IgMpos B cells	IgDpos IgMpos B cells	0.06158894048058037	0.06184406890607156	0.13500940314757992	0.0398939281675311	102735	5
dataset_name-Samusik_seed-42	random	13	IgM- IgD- B-cells	IgM- IgD- B-cells	0.03059219758630368	0.031190998481226855	0.02460337933703083	0.04043455219925808	18870	5
dataset_name-Samusik_seed-42	random	14	Intermediate Monocytes	Intermediate Monocytes	0.05708151677511088	0.05698206639443295	0.0983197093551317	0.03986170429123449	75371	5
dataset_name-Samusik_seed-42	random	15	MEP	MEP	0.011113580795732384	0.011222184703110354	0.0064478689793023404	0.04020908725371934	4885	5
dataset_name-Samusik_seed-42	random	16	MPP	MPP	0.002740686446349469	0.0028710669638129303	0.001421863633357582	0.038392857142857145	1121	5
dataset_name-Samusik_seed-42	random	17	Macrophages	Macrophages	0.006320651513309833	0.006327395385105478	0.0034356314624558156	0.03943875616230565	2637	5
dataset_name-Samusik_seed-42	random	18	NK cells	NK cells	0.006900449124059368	0.006841981806927217	0.0037778863377300113	0.038461538461538464	2916	5
dataset_name-Samusik_seed-42	random	19	NKT cells	NKT cells	0.01606425702811245	0.015997732506773443	0.010057518488085455	0.03988529718456726	7640	5
dataset_name-Samusik_seed-42	random	2	Basophils	Basophils	0.008400875584215818	0.008389955367746761	0.004703700023187253	0.039988574692944874	3635	5
dataset_name-Samusik_seed-42	random	20	Non-Classical Monocytes	Non-Classical Monocytes	0.014821651555459036	0.015355006042042695	0.00919160971011077	0.03893355903512484	7089	5
dataset_name-Samusik_seed-42	random	21	Plasma Cells	Plasma Cells	0.003390155755269134	0.0034050328708366694	0.0017831909023618869	0.034317637669592976	1545	5
dataset_name-Samusik_seed-42	random	22	gd T cells	gd T cells	0.00103132654376692	0.001002381894849608	5.21478391239163e-4	0.04507042253521127	349	5
dataset_name-Samusik_seed-42	random	23	mDCs	mDCs	0.002657161373946857	0.002661740873773267	0.0013725687121288205	0.04183673469387755	980	5
dataset_name-Samusik_seed-42	random	24	pDCs	pDCs	0.03570447679209009	0.03538371476520468	0.03162196348068628	0.04099739298629215	23782	5
dataset_name-Samusik_seed-42	random	25	ungated	ungated	0.07193449509690182	0.07190842577977061	0.3898690950483779	0.039593345656192235	296206	5
dataset_name-Samusik_seed-42	random	3	CD4 T cells	CD4 T cells	0.011220825852782765	0.011235873974135167	0.00657354149548069	0.040492957746478875	5073	5
dataset_name-Samusik_seed-42	random	4	CD8 T cells	CD8 T cells	0.021018781749545603	0.020962976614572255	0.014374043855175931	0.03923715667487909	11156	5
dataset_name-Samusik_seed-42	random	5	CLP	CLP	0.0010589364307223932	0.0010885586247910768	5.371831458787981e-4	0.03686635944700461	434	5
dataset_name-Samusik_seed-42	random	6	CMP	CMP	0.004481551967585488	0.004602128336793713	0.0023752969121140144	0.03956639566395664	1842	5
dataset_name-Samusik_seed-42	random	7	Classical Monocytes	Classical Monocytes	0.06054371541633138	0.0605722288593156	0.11841635567093947	0.040668256692597465	89264	5
dataset_name-Samusik_seed-42	random	8	Eosinophils	Eosinophils	0.04886684663192919	0.048899361713299824	0.06286748077792854	0.039966318210757634	48584	5
dataset_name-Samusik_seed-42	random	9	GMP	GMP	0.011968158111446612	0.012074116903142694	0.007079760976877111	0.03976326983539856	5418	5
dataset_name-Transformed_seed-42	cyanno	1	B-cells IgM+	B-cells IgM+	0.9340215053763441	0.9357585137587497	0.952046783625731	0.9235136413814856	6310	5
dataset_name-Transformed_seed-42	cyanno	2	B-cells IgM-	B-cells IgM-	0.8135534317984362	0.7586109088085428	0.8660179640718563	0.779912369396697	3062	5
dataset_name-Transformed_seed-42	cyanno	3	CD4 T-cells	CD4 T-cells	0.9568545524282066	0.9551006466761001	0.9449786954544689	0.9665644475220101	59222	5
dataset_name-Transformed_seed-42	cyanno	4	CD8 T-cells	CD8 T-cells	0.8941656379153025	0.892145852561496	0.893101451761628	0.9036528217246765	48825	5
dataset_name-Transformed_seed-42	cyanno	5	DC	DC	0.7162162162162162	0.6915440169245551	0.9610274579273693	0.5683646112600537	1851	5
dataset_name-Transformed_seed-42	cyanno	6	NK cells	NK cells	0.9095323816301755	0.9078621778564693	0.9132673443117759	0.8996895360531724	23095	5
dataset_name-Transformed_seed-42	cyanno	7	monocytes	monocytes	0.8616666666666667	0.8539591280164481	0.8643698211949411	0.8556183301946014	17026	5
dataset_name-Transformed_seed-42	cyanno	8	ungated	ungated	0.8599801390268123	0.8558031496812223	0.9264296754250386	0.8043478260869565	3709	5
dataset_name-Transformed_seed-42	cygate	1	B-cells IgM+	B-cells IgM+	0.9128814762242726	0.9154645555304746	0.9699922057677319	0.8596462495905667	6075	5
dataset_name-Transformed_seed-42	cygate	2	B-cells IgM-	B-cells IgM-	0.7312115538914148	0.7210553403288849	0.6452599388379205	0.8869047619047619	2901	5
dataset_name-Transformed_seed-42	cygate	3	CD4 T-cells	CD4 T-cells	0.9223524258022123	0.9182165847043352	0.9758578739827166	0.8946943328012923	52001	5
dataset_name-Transformed_seed-42	cygate	4	CD8 T-cells	CD8 T-cells	0.8178380434539392	0.8162154810172778	0.8154701342531702	0.8414380609502561	40297	5
dataset_name-Transformed_seed-42	cygate	5	DC	DC	0.7714120370370371	0.7630156317105271	0.7960858585858586	0.7617142857142857	1750	5
dataset_name-Transformed_seed-42	cygate	6	NK cells	NK cells	0.8386558210867583	0.8314607094780416	0.7854368192550841	0.9446339543426923	22646	5
dataset_name-Transformed_seed-42	cygate	7	monocytes	monocytes	0.7575966418144227	0.7527965108349466	0.7810864931205994	0.7322607756033137	16441	5
dataset_name-Transformed_seed-42	cygate	8	ungated	ungated	0.8206112100863368	0.8118700947282199	0.7724458204334366	0.8477157360406091	3349	5
dataset_name-Transformed_seed-42	dgcytof	1	B-cells IgM+	B-cells IgM+	0.8865549865463067	0.8823643626616487	0.9259319550708123	0.8930151706700379	6310	5
dataset_name-Transformed_seed-42	dgcytof	2	B-cells IgM-	B-cells IgM-	0.7058264724509183	0.6564928290974836	0.690712353471596	0.6806009144350098	3062	5
dataset_name-Transformed_seed-42	dgcytof	3	CD4 T-cells	CD4 T-cells	0.935218101865112	0.932255691495462	0.9336530227778729	0.9295871284241582	59222	5
dataset_name-Transformed_seed-42	dgcytof	4	CD8 T-cells	CD8 T-cells	0.8384932870661241	0.8338118967543424	0.7996129388996406	0.8574518364240797	48825	5
dataset_name-Transformed_seed-42	dgcytof	5	DC	DC	0.8332841546178813	0.8307566649431412	0.8375192209123526	0.8242105263157895	1851	5
dataset_name-Transformed_seed-42	dgcytof	6	NK cells	NK cells	0.8494743028799059	0.8450056793342334	0.8960227840511642	0.7866487026815594	23095	5
dataset_name-Transformed_seed-42	dgcytof	7	monocytes	monocytes	0.8044607483492296	0.8077541345019356	0.7885927199770708	0.826708486639725	17026	5
dataset_name-Transformed_seed-42	dgcytof	8	ungated	ungated	0.7038712921065863	0.7058898023101564	0.8945841392649904	0.5636070853462157	3709	5
dataset_name-Transformed_seed-42	random	1	B-cells IgM+	B-cells IgM+	0.059632514628601245	0.059101297840839125	0.03901868019314247	0.1264222503160556	6310	5
dataset_name-Transformed_seed-42	random	2	B-cells IgM-	B-cells IgM-	0.03270851679456536	0.03260460325765479	0.01867816091954023	0.12966476913345984	3062	5
dataset_name-Transformed_seed-42	random	3	CD4 T-cells	CD4 T-cells	0.18509016826378932	0.18487664292366437	0.36362746058172557	0.12426125426361825	59222	5
dataset_name-Transformed_seed-42	random	4	CD8 T-cells	CD8 T-cells	0.17633991339069796	0.1756470183562233	0.2959414818310524	0.12576845363483943	48825	5
dataset_name-Transformed_seed-42	random	5	DC	DC	0.02264084195631025	0.02234030366832998	0.012329624813369936	0.13830361966504592	1851	5
dataset_name-Transformed_seed-42	random	6	NK cells	NK cells	0.1344855031267766	0.13419365966722013	0.14256108728131475	0.12668984163769795	23095	5
dataset_name-Transformed_seed-42	random	7	monocytes	monocytes	0.11234850966262692	0.11325693895272712	0.10496969696969696	0.1187647023342783	17026	5
dataset_name-Transformed_seed-42	random	8	ungated	ungated	0.03792772892093528	0.038491024790105625	0.02233457687021402	0.12565589616128142	3709	5
