dataset	model	population_id	population_name	population	f1_mean	f1_sd	precision_sd	recall_sd	n_runs
dataset_name-FR-FCM-Z238_infection_final_seed-42	cyanno	1	B Cell (CD27-)	B Cell (CD27-)	0.8816672132292865	0.017826026703552066	0.037284096662299274	0.008315927573241611	5
dataset_name-FR-FCM-Z238_infection_final_seed-42	cyanno	10	CD4+ T Cell (Treg)	CD4+ T Cell (Treg)	0.6989470180621344	0.04324922687380018	0.1505652721361688	0.14651195006165038	5
dataset_name-FR-FCM-Z238_infection_final_seed-42	cyanno	11	CD4- CD8- T Cell	CD4- CD8- T Cell	0.8057720405272569	0.1285453545675522	0.231127516321483	0.05711001017231061	5
dataset_name-FR-FCM-Z238_infection_final_seed-42	cyanno	12	CD8+ T Cell (Central Memory)	CD8+ T Cell (Central Memory)	0.6575343038602346	0.12536423696693685	0.07584168152826982	0.21613450232624887	5
dataset_name-FR-FCM-Z238_infection_final_seed-42	cyanno	13	CD8+ T Cell (EMRA)	CD8+ T Cell (EMRA)	0.5148397657145406	0.07598325518378972	0.16595090157865247	0.07886945657867366	5
dataset_name-FR-FCM-Z238_infection_final_seed-42	cyanno	14	CD8+ T Cell (Effector Memory)	CD8+ T Cell (Effector Memory)	0.5621058158743979	0.10415658186392933	0.08384156145601208	0.16333221535834247	5
dataset_name-FR-FCM-Z238_infection_final_seed-42	cyanno	15	CD8+ T Cell (Naive)	CD8+ T Cell (Naive)	0.8005447162208229	0.16876451820806013	0.02004596883465814	0.23817585933880564	5
dataset_name-FR-FCM-Z238_infection_final_seed-42	cyanno	16	Debris	Debris	NA	NA	NA	0	5
dataset_name-FR-FCM-Z238_infection_final_seed-42	cyanno	17	Dendritic Cell (Type 1, CD141+)	Dendritic Cell (Type 1, CD141+)	0.1951624043396756	0.16894404038494534	0.4122168833686341	0.13048118367721856	5
dataset_name-FR-FCM-Z238_infection_final_seed-42	cyanno	18	Dendritic Cell (Type 2, CD1c+)	Dendritic Cell (Type 2, CD1c+)	NA	NA	NA	0	5
dataset_name-FR-FCM-Z238_infection_final_seed-42	cyanno	19	Monocyte (CD14+ CD16+)	Monocyte (CD14+ CD16+)	0.7516880998345219	0.04564851867861129	0.09796486151099598	0.058203753371895754	5
dataset_name-FR-FCM-Z238_infection_final_seed-42	cyanno	2	B Cell (Memory)	B Cell (Memory)	0.856237460619567	0.03552501224189487	0.08722260162716737	0.03825802420814328	5
dataset_name-FR-FCM-Z238_infection_final_seed-42	cyanno	20	Monocyte (CD14+ CD16-)	Monocyte (CD14+ CD16-)	0.9592218939979066	0.012192038720077493	0.013316231173591403	0.03425768221533005	5
dataset_name-FR-FCM-Z238_infection_final_seed-42	cyanno	21	Monocyte (CD14- CD16+)	Monocyte (CD14- CD16+)	0.6019450161559927	0.046142076320853743	0.15772355120768727	0.32557928803706543	5
dataset_name-FR-FCM-Z238_infection_final_seed-42	cyanno	22	NK Cell (CD56+ CD16+)	NK Cell (CD56+ CD16+)	0.9050382765854744	0.01188949639783552	0.028925343005807312	0.0184486464271908	5
dataset_name-FR-FCM-Z238_infection_final_seed-42	cyanno	23	NK Cell (CD56+ CD16-)	NK Cell (CD56+ CD16-)	0.7153492446823903	0.0841692431633078	0.08896082611030418	0.17682856904796865	5
dataset_name-FR-FCM-Z238_infection_final_seed-42	cyanno	24	Plasmacytoid Dendritic Cell	Plasmacytoid Dendritic Cell	0.9535222542537661	0.0010205701017287176	0.004169324887404501	0.004207135635594906	5
dataset_name-FR-FCM-Z238_infection_final_seed-42	cyanno	25	Ungated	Ungated	0.7871026956981375	0.03184880528339515	0.0428542306476766	0.06554972533768452	5
dataset_name-FR-FCM-Z238_infection_final_seed-42	cyanno	3	B Cell (Plasmablast)	B Cell (Plasmablast)	0.760886372676505	0.036898503849521855	0.03846428589145822	0.08549604119116694	5
dataset_name-FR-FCM-Z238_infection_final_seed-42	cyanno	4	Basophil	Basophil	0.7552767619165686	0.0012552865687214516	0.13110885101819136	0.47004099282625333	5
dataset_name-FR-FCM-Z238_infection_final_seed-42	cyanno	5	CD4+ CD8+ T Cell	CD4+ CD8+ T Cell	0.7143968994098897	0.03534827025570954	0.020297153991458063	0.4868399474197332	5
dataset_name-FR-FCM-Z238_infection_final_seed-42	cyanno	6	CD4+ T Cell (Central Memory)	CD4+ T Cell (Central Memory)	0.6868810764358959	0.06334614741283376	0.14315586400193434	0.18949791061418042	5
dataset_name-FR-FCM-Z238_infection_final_seed-42	cyanno	7	CD4+ T Cell (EMRA)	CD4+ T Cell (EMRA)	0.3635273184474005	0.1442111018660451	0.23466489485969022	0.19493950372051672	5
dataset_name-FR-FCM-Z238_infection_final_seed-42	cyanno	8	CD4+ T Cell (Effector Memory)	CD4+ T Cell (Effector Memory)	0.6915169603795112	0.055560533952003874	0.09386971747433878	0.17440203265250256	5
dataset_name-FR-FCM-Z238_infection_final_seed-42	cyanno	9	CD4+ T Cell (Naive)	CD4+ T Cell (Naive)	0.7168718928500086	0.052660415934666846	0.14892104920221552	0.18978719305793285	5
dataset_name-FR-FCM-Z238_infection_final_seed-42	cygate	1	B Cell (CD27-)	B Cell (CD27-)	0.6507140255156583	0.15459729992015897	0.21486533730221005	0.028720126861648296	5
dataset_name-FR-FCM-Z238_infection_final_seed-42	cygate	10	CD4+ T Cell (Treg)	CD4+ T Cell (Treg)	0.3075776439408709	0.18274070812383772	0.09716427402516707	0.15395163541484036	5
dataset_name-FR-FCM-Z238_infection_final_seed-42	cygate	11	CD4- CD8- T Cell	CD4- CD8- T Cell	0.8201128964609199	0.07059313732610796	0.16870211303083177	0.0601700472971869	5
dataset_name-FR-FCM-Z238_infection_final_seed-42	cygate	12	CD8+ T Cell (Central Memory)	CD8+ T Cell (Central Memory)	0.5760555599866497	0.14923264268900147	0.09447943280143127	0.23052799800060472	5
dataset_name-FR-FCM-Z238_infection_final_seed-42	cygate	13	CD8+ T Cell (EMRA)	CD8+ T Cell (EMRA)	0.49366106861362585	0.05856735271415301	0.10440644804966141	0.14325816292482468	5
dataset_name-FR-FCM-Z238_infection_final_seed-42	cygate	14	CD8+ T Cell (Effector Memory)	CD8+ T Cell (Effector Memory)	0.38706821362980615	0.15912645099621867	0.14479139790430823	0.21720197674535932	5
dataset_name-FR-FCM-Z238_infection_final_seed-42	cygate	15	CD8+ T Cell (Naive)	CD8+ T Cell (Naive)	0.8362652930172413	0.09488867267755105	0.04292772233124848	0.16293262573279577	5
dataset_name-FR-FCM-Z238_infection_final_seed-42	cygate	16	Debris	Debris	NA	NA	NA	0	5
dataset_name-FR-FCM-Z238_infection_final_seed-42	cygate	17	Dendritic Cell (Type 1, CD141+)	Dendritic Cell (Type 1, CD141+)	0.2796712989293114	0.08520907361938082	0.06381010353853867	0.2558868757760609	5
dataset_name-FR-FCM-Z238_infection_final_seed-42	cygate	18	Dendritic Cell (Type 2, CD1c+)	Dendritic Cell (Type 2, CD1c+)	0.011809473822333029	NA	NA	0.050186064332912984	5
dataset_name-FR-FCM-Z238_infection_final_seed-42	cygate	19	Monocyte (CD14+ CD16+)	Monocyte (CD14+ CD16+)	0.7262802072358431	0.05101089717375981	0.09079870920203015	0.0340367745006485	5
dataset_name-FR-FCM-Z238_infection_final_seed-42	cygate	2	B Cell (Memory)	B Cell (Memory)	0.6317537075129173	0.14794919038034654	0.18862401847984447	0.20780918161828424	5
dataset_name-FR-FCM-Z238_infection_final_seed-42	cygate	20	Monocyte (CD14+ CD16-)	Monocyte (CD14+ CD16-)	0.9541438637679527	0.016196950177467428	0.011084317595433437	0.03966714459947455	5
dataset_name-FR-FCM-Z238_infection_final_seed-42	cygate	21	Monocyte (CD14- CD16+)	Monocyte (CD14- CD16+)	0.462557740927252	0.0386483056687378	0.04681284293530247	0.11290709079259117	5
dataset_name-FR-FCM-Z238_infection_final_seed-42	cygate	22	NK Cell (CD56+ CD16+)	NK Cell (CD56+ CD16+)	0.8840709049800576	0.04407538205000555	0.020915095981050763	0.08557695565993026	5
dataset_name-FR-FCM-Z238_infection_final_seed-42	cygate	23	NK Cell (CD56+ CD16-)	NK Cell (CD56+ CD16-)	0.7384900973266925	0.0847991172629367	0.0911380969171312	0.1390964443974944	5
dataset_name-FR-FCM-Z238_infection_final_seed-42	cygate	24	Plasmacytoid Dendritic Cell	Plasmacytoid Dendritic Cell	0.9298233424038762	0.009427021528846542	0.01875647144174371	0.008264483887327258	5
dataset_name-FR-FCM-Z238_infection_final_seed-42	cygate	25	Ungated	Ungated	0.268534339910211	0.22431882830888628	0.19989395092067494	0.18276915714812023	5
dataset_name-FR-FCM-Z238_infection_final_seed-42	cygate	3	B Cell (Plasmablast)	B Cell (Plasmablast)	0.7497668792904654	0.010746668908220607	0.03375585920635785	0.04433560187581146	5
dataset_name-FR-FCM-Z238_infection_final_seed-42	cygate	4	Basophil	Basophil	0.7102885994110162	0.03019916276686656	0.04043872951660698	0.5247310874761288	5
dataset_name-FR-FCM-Z238_infection_final_seed-42	cygate	5	CD4+ CD8+ T Cell	CD4+ CD8+ T Cell	0.4453043227920972	0.32068006737847105	0.07593398355638742	0.3748852419262964	5
dataset_name-FR-FCM-Z238_infection_final_seed-42	cygate	6	CD4+ T Cell (Central Memory)	CD4+ T Cell (Central Memory)	0.6291843012197865	0.054380751356806895	0.1140873629028796	0.19783809122191787	5
dataset_name-FR-FCM-Z238_infection_final_seed-42	cygate	7	CD4+ T Cell (EMRA)	CD4+ T Cell (EMRA)	0.16110071266659157	0.07164239616947056	0.03872101856172875	0.26043976577692063	5
dataset_name-FR-FCM-Z238_infection_final_seed-42	cygate	8	CD4+ T Cell (Effector Memory)	CD4+ T Cell (Effector Memory)	0.5721217907103477	0.13528155806023337	0.08181928242181051	0.26706277422572583	5
dataset_name-FR-FCM-Z238_infection_final_seed-42	cygate	9	CD4+ T Cell (Naive)	CD4+ T Cell (Naive)	0.6862051622175523	0.027515308759879464	0.05945029064230778	0.11588037784123813	5
dataset_name-FR-FCM-Z238_infection_final_seed-42	dgcytof	1	B Cell (CD27-)	B Cell (CD27-)	0.8457867064276928	0.0301044627226773	0.07142985958315325	0.026412473085896324	5
dataset_name-FR-FCM-Z238_infection_final_seed-42	dgcytof	10	CD4+ T Cell (Treg)	CD4+ T Cell (Treg)	0.6684137437244514	0.027797007177752842	0.08524103441173972	0.12728242903594836	5
dataset_name-FR-FCM-Z238_infection_final_seed-42	dgcytof	11	CD4- CD8- T Cell	CD4- CD8- T Cell	0.7765492637419976	0.10887424362103572	0.19621467550642083	0.09441405999196228	5
dataset_name-FR-FCM-Z238_infection_final_seed-42	dgcytof	12	CD8+ T Cell (Central Memory)	CD8+ T Cell (Central Memory)	0.5671879712840148	0.10144351734401892	0.13208358223205044	0.2105711036251471	5
dataset_name-FR-FCM-Z238_infection_final_seed-42	dgcytof	13	CD8+ T Cell (EMRA)	CD8+ T Cell (EMRA)	0.48396519480747335	0.10394137418786747	0.13149955301976587	0.14559477993181488	5
dataset_name-FR-FCM-Z238_infection_final_seed-42	dgcytof	14	CD8+ T Cell (Effector Memory)	CD8+ T Cell (Effector Memory)	0.45109009210226947	0.05661420906744462	0.0882296984075939	0.19116218185380174	5
dataset_name-FR-FCM-Z238_infection_final_seed-42	dgcytof	15	CD8+ T Cell (Naive)	CD8+ T Cell (Naive)	0.7603550731855452	0.19500097884318876	0.023492111063646896	0.23827838050775904	5
dataset_name-FR-FCM-Z238_infection_final_seed-42	dgcytof	16	Debris	Debris	NA	NA	NA	0	5
dataset_name-FR-FCM-Z238_infection_final_seed-42	dgcytof	17	Dendritic Cell (Type 1, CD141+)	Dendritic Cell (Type 1, CD141+)	0.08308259394632485	0.0949406225213448	0.24647928639938974	0.06559135879428234	5
dataset_name-FR-FCM-Z238_infection_final_seed-42	dgcytof	18	Dendritic Cell (Type 2, CD1c+)	Dendritic Cell (Type 2, CD1c+)	0.021459227467811162	NA	NA	0.005507556594827069	5
dataset_name-FR-FCM-Z238_infection_final_seed-42	dgcytof	19	Monocyte (CD14+ CD16+)	Monocyte (CD14+ CD16+)	0.7323509110592376	0.018740301955459716	0.07573374005716459	0.05699387296131073	5
dataset_name-FR-FCM-Z238_infection_final_seed-42	dgcytof	2	B Cell (Memory)	B Cell (Memory)	0.8078781076336287	0.04207986888607621	0.07020112357177374	0.03868661329814684	5
dataset_name-FR-FCM-Z238_infection_final_seed-42	dgcytof	20	Monocyte (CD14+ CD16-)	Monocyte (CD14+ CD16-)	0.9592692782144513	0.003958961890696181	0.015994492136064464	0.021237946818670594	5
dataset_name-FR-FCM-Z238_infection_final_seed-42	dgcytof	21	Monocyte (CD14- CD16+)	Monocyte (CD14- CD16+)	0.3304771935840105	0.20951910621504105	0.12028513299570771	0.22039612188984714	5
dataset_name-FR-FCM-Z238_infection_final_seed-42	dgcytof	22	NK Cell (CD56+ CD16+)	NK Cell (CD56+ CD16+)	0.8855904643161548	0.01747838597931095	0.03491411360776055	0.06154354974356996	5
dataset_name-FR-FCM-Z238_infection_final_seed-42	dgcytof	23	NK Cell (CD56+ CD16-)	NK Cell (CD56+ CD16-)	0.696903662116991	0.0672759506571416	0.0552571671162679	0.13044306699497346	5
dataset_name-FR-FCM-Z238_infection_final_seed-42	dgcytof	24	Plasmacytoid Dendritic Cell	Plasmacytoid Dendritic Cell	0.9494209145633409	0.004975586664067042	0.010122021111748968	0.00857182395983897	5
dataset_name-FR-FCM-Z238_infection_final_seed-42	dgcytof	25	Ungated	Ungated	0.7416718301847198	0.02861869231835738	0.04005517306645688	0.05919249432159911	5
dataset_name-FR-FCM-Z238_infection_final_seed-42	dgcytof	3	B Cell (Plasmablast)	B Cell (Plasmablast)	0.5718417978945759	0.19167033686817042	0.033585089135823754	0.21190677179467943	5
dataset_name-FR-FCM-Z238_infection_final_seed-42	dgcytof	4	Basophil	Basophil	0.6675326064123659	0.004003039375734996	0.30013398769329347	0.42851768168500975	5
dataset_name-FR-FCM-Z238_infection_final_seed-42	dgcytof	5	CD4+ CD8+ T Cell	CD4+ CD8+ T Cell	0.6863750165361351	0.024243942365618578	0.004608415114918249	0.4471481732013951	5
dataset_name-FR-FCM-Z238_infection_final_seed-42	dgcytof	6	CD4+ T Cell (Central Memory)	CD4+ T Cell (Central Memory)	0.652312582950183	0.07982063578571746	0.13795915256109967	0.19494564371104586	5
dataset_name-FR-FCM-Z238_infection_final_seed-42	dgcytof	7	CD4+ T Cell (EMRA)	CD4+ T Cell (EMRA)	0.27321694963058474	0.08762977266334866	0.18594919734059714	0.11749496016139897	5
dataset_name-FR-FCM-Z238_infection_final_seed-42	dgcytof	8	CD4+ T Cell (Effector Memory)	CD4+ T Cell (Effector Memory)	0.6422500351047474	0.0333500643957575	0.13489103536318345	0.18131794846271507	5
dataset_name-FR-FCM-Z238_infection_final_seed-42	dgcytof	9	CD4+ T Cell (Naive)	CD4+ T Cell (Naive)	0.6953671533482337	0.07633615270031893	0.14323280967963203	0.20608018288541702	5
dataset_name-FR-FCM-Z238_infection_final_seed-42	random	1	B Cell (CD27-)	B Cell (CD27-)	0.04201406127634833	0.001437781936244285	4.774926255000699e-4	0.003318025590372646	5
dataset_name-FR-FCM-Z238_infection_final_seed-42	random	10	CD4+ T Cell (Treg)	CD4+ T Cell (Treg)	0.026736300936842358	8.164975373105355e-4	5.259456812014109e-4	0.003305008751267604	5
dataset_name-FR-FCM-Z238_infection_final_seed-42	random	11	CD4- CD8- T Cell	CD4- CD8- T Cell	0.05148083435057297	0.001976627595155133	8.793019685667367e-4	0.0033087344514845757	5
dataset_name-FR-FCM-Z238_infection_final_seed-42	random	12	CD8+ T Cell (Central Memory)	CD8+ T Cell (Central Memory)	0.016771353166151796	8.180435662177413e-4	4.4397833521474375e-4	0.004176791590242869	5
dataset_name-FR-FCM-Z238_infection_final_seed-42	random	13	CD8+ T Cell (EMRA)	CD8+ T Cell (EMRA)	0.021769586312022707	7.07232078114215e-4	7.841180401285761e-4	0.0027745140653012883	5
dataset_name-FR-FCM-Z238_infection_final_seed-42	random	14	CD8+ T Cell (Effector Memory)	CD8+ T Cell (Effector Memory)	0.0051055578010260816	1.7028401972953044e-4	9.19443755090856e-5	0.0041116904688967195	5
dataset_name-FR-FCM-Z238_infection_final_seed-42	random	15	CD8+ T Cell (Naive)	CD8+ T Cell (Naive)	0.0524903993330431	0.0024002446363921228	0.0011670779692793721	0.0033096925394666197	5
dataset_name-FR-FCM-Z238_infection_final_seed-42	random	16	Debris	Debris	NA	NA	NA	0	5
dataset_name-FR-FCM-Z238_infection_final_seed-42	random	17	Dendritic Cell (Type 1, CD141+)	Dendritic Cell (Type 1, CD141+)	0.005051523610166497	4.305560486525938e-4	2.3639359307124465e-4	0.020039632670923516	5
dataset_name-FR-FCM-Z238_infection_final_seed-42	random	18	Dendritic Cell (Type 2, CD1c+)	Dendritic Cell (Type 2, CD1c+)	2.4080842829499034e-4	NA	NA	0.015421158465515792	5
dataset_name-FR-FCM-Z238_infection_final_seed-42	random	19	Monocyte (CD14+ CD16+)	Monocyte (CD14+ CD16+)	0.03948766992617632	0.0013175103008596764	5.882616838007609e-4	0.0032834948788182197	5
dataset_name-FR-FCM-Z238_infection_final_seed-42	random	2	B Cell (Memory)	B Cell (Memory)	0.02112149460013858	7.298107233199527e-4	3.136007377151251e-4	0.004591461407865412	5
dataset_name-FR-FCM-Z238_infection_final_seed-42	random	20	Monocyte (CD14+ CD16-)	Monocyte (CD14+ CD16-)	0.07694401611650968	0.0046990780998881244	0.0010397241587464408	0.0033483589195482193	5
dataset_name-FR-FCM-Z238_infection_final_seed-42	random	21	Monocyte (CD14- CD16+)	Monocyte (CD14- CD16+)	0.015930727946411198	2.944007790970438e-4	3.230819705047131e-4	0.002961081663309841	5
dataset_name-FR-FCM-Z238_infection_final_seed-42	random	22	NK Cell (CD56+ CD16+)	NK Cell (CD56+ CD16+)	0.056933720144806986	0.0029907506381367534	9.17756351783034e-4	0.003591953379262952	5
dataset_name-FR-FCM-Z238_infection_final_seed-42	random	23	NK Cell (CD56+ CD16-)	NK Cell (CD56+ CD16-)	0.03198431527300873	7.957959000392644e-4	3.1228428121392115e-4	0.0025904202678791945	5
dataset_name-FR-FCM-Z238_infection_final_seed-42	random	24	Plasmacytoid Dendritic Cell	Plasmacytoid Dendritic Cell	0.01819127193413516	5.577270011674827e-4	2.0362475708302305e-4	0.0048041721235107925	5
dataset_name-FR-FCM-Z238_infection_final_seed-42	random	25	Ungated	Ungated	0.06927599464332257	0.004149511742418765	0.0022817378554309165	0.0034305921436943586	5
dataset_name-FR-FCM-Z238_infection_final_seed-42	random	3	B Cell (Plasmablast)	B Cell (Plasmablast)	0.009697824716784714	6.955287330262112e-4	0.00036524574283223425	0.006062402287063044	5
dataset_name-FR-FCM-Z238_infection_final_seed-42	random	4	Basophil	Basophil	0.0015989885055139653	2.931754547630592e-4	1.4949773062837733e-4	0.02409988682167614	5
dataset_name-FR-FCM-Z238_infection_final_seed-42	random	5	CD4+ CD8+ T Cell	CD4+ CD8+ T Cell	0.05185611301236269	0.0011257763771755382	5.19055132920841e-4	0.02364754193071266	5
dataset_name-FR-FCM-Z238_infection_final_seed-42	random	6	CD4+ T Cell (Central Memory)	CD4+ T Cell (Central Memory)	0.05530091361412362	0.002322166808466561	0.0011085310623373914	0.00307311834025444	5
dataset_name-FR-FCM-Z238_infection_final_seed-42	random	7	CD4+ T Cell (EMRA)	CD4+ T Cell (EMRA)	0.005006158160866211	3.4565002267505354e-4	1.8028540874027277e-4	0.00459247482408753	5
dataset_name-FR-FCM-Z238_infection_final_seed-42	random	8	CD4+ T Cell (Effector Memory)	CD4+ T Cell (Effector Memory)	0.019232030334868387	6.513988878614047e-4	3.0867545441622964e-4	0.003570119374573771	5
dataset_name-FR-FCM-Z238_infection_final_seed-42	random	9	CD4+ T Cell (Naive)	CD4+ T Cell (Naive)	0.056192859499313595	0.002655388032152041	8.661168194808539e-4	0.0036784628168747527	5
dataset_name-FR-FCM-Z2KP_healthy_final_seed-42	cyanno	1	CD14 monocytes	CD14 monocytes	0.9951827982827264	7.491656577072057e-4	0.002346619261542305	0.0011993437475855632	5
dataset_name-FR-FCM-Z2KP_healthy_final_seed-42	cyanno	2	CD19	CD19	0.9980539687192731	2.5072627499236135e-4	1.4815510442935575e-4	4.733285057303342e-4	5
dataset_name-FR-FCM-Z2KP_healthy_final_seed-42	cyanno	3	CD3+	CD3+	0.9426529425220845	0.015017058969536062	0.023425316074824173	0.01611615821097008	5
dataset_name-FR-FCM-Z2KP_healthy_final_seed-42	cyanno	4	CD4	CD4	0.9974528502489624	3.607472893522327e-4	4.902883422255141e-4	3.6887846408438274e-4	5
dataset_name-FR-FCM-Z2KP_healthy_final_seed-42	cyanno	5	CD8	CD8	0.9826904220579472	0.006567189309702306	0.005255643415000279	0.01105911073503752	5
dataset_name-FR-FCM-Z2KP_healthy_final_seed-42	cyanno	6	Ungated	Ungated	0.9883346388435104	0.0010499460353970576	0.0011876483630585382	0.0029458101980005982	5
dataset_name-FR-FCM-Z2KP_healthy_final_seed-42	cygate	1	CD14 monocytes	CD14 monocytes	0.94375511432375	0.025051259118841485	0.0419642122731597	0.0054028082062454385	5
dataset_name-FR-FCM-Z2KP_healthy_final_seed-42	cygate	2	CD19	CD19	0.9803636606971288	0.015917974622336774	0.030286630248240604	9.985862282941606e-4	5
dataset_name-FR-FCM-Z2KP_healthy_final_seed-42	cygate	3	CD3+	CD3+	0.58665725455463	0.211077783045557	0.21670229521722784	0.20625045691862873	5
dataset_name-FR-FCM-Z2KP_healthy_final_seed-42	cygate	4	CD4	CD4	0.9769311245045555	0.005479412756249245	0.016193554238396673	0.008825770742497487	5
dataset_name-FR-FCM-Z2KP_healthy_final_seed-42	cygate	5	CD8	CD8	0.8720359188334189	0.11912918379537954	0.02766028677078054	0.19133927973526424	5
dataset_name-FR-FCM-Z2KP_healthy_final_seed-42	cygate	6	Ungated	Ungated	0.872437427961253	0.059755464122705	0.005315706044711289	0.0928950712822784	5
dataset_name-FR-FCM-Z2KP_healthy_final_seed-42	dgcytof	1	CD14 monocytes	CD14 monocytes	0.9744857291093061	0.015318575248410349	0.01818302446339341	0.031094488418982203	5
dataset_name-FR-FCM-Z2KP_healthy_final_seed-42	dgcytof	2	CD19	CD19	0.9834972677440125	0.0029977187488571893	0.009541638792816625	0.011144580973299092	5
dataset_name-FR-FCM-Z2KP_healthy_final_seed-42	dgcytof	3	CD3+	CD3+	0.4765253514706248	0.24807440660287525	0.11874263938452563	0.2868384351579167	5
dataset_name-FR-FCM-Z2KP_healthy_final_seed-42	dgcytof	4	CD4	CD4	0.9831673876134954	0.003704430066714155	0.009721747896424137	0.0057352315423473375	5
dataset_name-FR-FCM-Z2KP_healthy_final_seed-42	dgcytof	5	CD8	CD8	0.9107207986597892	0.03507743441111937	0.060855881421129625	0.010311502547586416	5
dataset_name-FR-FCM-Z2KP_healthy_final_seed-42	dgcytof	6	Ungated	Ungated	0.940215341178868	0.026854132671548004	0.04854544899474891	0.04011007357540342	5
dataset_name-FR-FCM-Z2KP_healthy_final_seed-42	random	1	CD14 monocytes	CD14 monocytes	0.14331351143196067	0.008299214172211815	0.01305227366372964	8.516302580071197e-4	5
dataset_name-FR-FCM-Z2KP_healthy_final_seed-42	random	2	CD19	CD19	0.1337508455776908	0.0069585005877182545	0.009528202103643326	6.460104481157776e-4	5
dataset_name-FR-FCM-Z2KP_healthy_final_seed-42	random	3	CD3+	CD3+	0.07722720398263265	0.004692100145977123	0.003918029278784431	0.0020439313611901153	5
dataset_name-FR-FCM-Z2KP_healthy_final_seed-42	random	4	CD4	CD4	0.2432567767580764	0.002952227523168418	0.020087627217655904	5.983583652473904e-4	5
dataset_name-FR-FCM-Z2KP_healthy_final_seed-42	random	5	CD8	CD8	0.14806147075710827	0.004446313104382759	0.00798197365180251	8.487322502377537e-4	5
dataset_name-FR-FCM-Z2KP_healthy_final_seed-42	random	6	Ungated	Ungated	0.14318495635059703	0.006857959836254159	0.01042646585010637	0.0011926575350691393	5
dataset_name-FR-FCM-Z2KP_virus_final_seed-42	cyanno	1	CD14 monocytes	CD14 monocytes	0.9971683363192756	4.3636154823703684e-4	0.001205028563085829	3.660268029906859e-4	5
dataset_name-FR-FCM-Z2KP_virus_final_seed-42	cyanno	2	CD19	CD19	0.997724467980423	3.9937230515676655e-4	7.519572551521216e-4	7.967025222327544e-4	5
dataset_name-FR-FCM-Z2KP_virus_final_seed-42	cyanno	3	CD3+	CD3+	0.9190756158505653	0.02505120510848817	0.03317304401066988	0.04926871034310505	5
dataset_name-FR-FCM-Z2KP_virus_final_seed-42	cyanno	4	CD4	CD4	0.9961625162279228	0.001590540872747289	0.001249214365237879	0.0021781775059185418	5
dataset_name-FR-FCM-Z2KP_virus_final_seed-42	cyanno	5	CD8	CD8	0.9705667456631938	0.007359577574320289	0.023331416288909484	0.013124262127979625	5
dataset_name-FR-FCM-Z2KP_virus_final_seed-42	cyanno	6	Ungated	Ungated	0.985823859433206	6.057132274578705e-4	0.002240657881489615	0.003189571274137146	5
dataset_name-FR-FCM-Z2KP_virus_final_seed-42	cygate	1	CD14 monocytes	CD14 monocytes	0.968987330290634	0.005021056907240498	0.012310519147532272	0.007363306756236017	5
dataset_name-FR-FCM-Z2KP_virus_final_seed-42	cygate	2	CD19	CD19	0.9819610023109121	0.007417780055086098	0.015180100257462052	0.0018185655407159365	5
dataset_name-FR-FCM-Z2KP_virus_final_seed-42	cygate	3	CD3+	CD3+	0.4088021032008009	0.2647237351484987	0.24379995989662065	0.29979811638920867	5
dataset_name-FR-FCM-Z2KP_virus_final_seed-42	cygate	4	CD4	CD4	0.9731539306876552	0.010653340849691427	0.008565313585181483	0.02189923158635783	5
dataset_name-FR-FCM-Z2KP_virus_final_seed-42	cygate	5	CD8	CD8	0.8784253846440014	0.03525931916645399	0.07050644241366455	0.02552724087732552	5
dataset_name-FR-FCM-Z2KP_virus_final_seed-42	cygate	6	Ungated	Ungated	0.8786185516404783	0.028251195888185997	0.00260240980879823	0.047155854191353555	5
dataset_name-FR-FCM-Z2KP_virus_final_seed-42	dgcytof	1	CD14 monocytes	CD14 monocytes	0.9826745726913443	0.006356613131300715	0.017049112734135556	0.007913288320636846	5
dataset_name-FR-FCM-Z2KP_virus_final_seed-42	dgcytof	2	CD19	CD19	0.9679696463082006	0.01113557051954744	0.015338816833059155	0.02045079337932313	5
dataset_name-FR-FCM-Z2KP_virus_final_seed-42	dgcytof	3	CD3+	CD3+	0.47496929727300335	0.3598713419126174	0.12662078895307471	0.3509653276625822	5
dataset_name-FR-FCM-Z2KP_virus_final_seed-42	dgcytof	4	CD4	CD4	0.9713960321221824	0.015166745127855492	0.031208660993970783	0.005318432348604344	5
dataset_name-FR-FCM-Z2KP_virus_final_seed-42	dgcytof	5	CD8	CD8	0.8716379935283285	0.09039470854905023	0.10293522325922397	0.10880924017035463	5
dataset_name-FR-FCM-Z2KP_virus_final_seed-42	dgcytof	6	Ungated	Ungated	0.9194589836882127	0.021693577741675973	0.01148030131385011	0.045461088566527814	5
dataset_name-FR-FCM-Z2KP_virus_final_seed-42	random	1	CD14 monocytes	CD14 monocytes	0.1920160641829927	0.003603723403135045	0.009513731258761237	7.852377755436272e-4	5
dataset_name-FR-FCM-Z2KP_virus_final_seed-42	random	2	CD19	CD19	0.12847022061302046	0.0018834226523024155	0.0025971204617212065	8.032368252517181e-4	5
dataset_name-FR-FCM-Z2KP_virus_final_seed-42	random	3	CD3+	CD3+	0.06982256643449283	0.0038829202092783856	0.0030812686672565055	4.715046573045661e-4	5
dataset_name-FR-FCM-Z2KP_virus_final_seed-42	random	4	CD4	CD4	0.23666687361411887	0.002328957547767941	0.012133942563998919	8.906522125932981e-4	5
dataset_name-FR-FCM-Z2KP_virus_final_seed-42	random	5	CD8	CD8	0.11624697084342023	0.001789649723500715	0.0021324358824259507	0.0011193899783240413	5
dataset_name-FR-FCM-Z2KP_virus_final_seed-42	random	6	Ungated	Ungated	0.14124345012084358	0.0027024798328755405	0.004121664801884348	1.2287902265260294e-4	5
dataset_name-FR-FCM-Z3YR_seed-42	cyanno	1	/Granulocytes	/Granulocytes	0.9999027920269027	1.5646125749842213e-4	7.398929753546271e-5	2.49419641260119e-4	5
dataset_name-FR-FCM-Z3YR_seed-42	cyanno	10	/PBMC/CD3-CD19-/CD7hi cells/NK cells CD56 mid	/PBMC/CD3-CD19-/CD7hi cells/NK cells CD56 mid	0.9949692860478255	0.005789619914244267	0.00891445317460954	0.002760226147936029	5
dataset_name-FR-FCM-Z3YR_seed-42	cyanno	11	/PBMC/CD3-CD19-/CD7low cells/CD11c hi HLADR hi/Monocytes CD14hi	/PBMC/CD3-CD19-/CD7low cells/CD11c hi HLADR hi/Monocytes CD14hi	0.9965509674978142	0.001805950163620423	0.0030941631380669537	5.317672051956825e-4	5
dataset_name-FR-FCM-Z3YR_seed-42	cyanno	12	/PBMC/CD3-CD19-/CD7low cells/CD11c hi HLADR hi/Monocytes CD14mid	/PBMC/CD3-CD19-/CD7low cells/CD11c hi HLADR hi/Monocytes CD14mid	0.9484974624135885	0.020933724009036914	0.004005050235606246	0.037190008305903514	5
dataset_name-FR-FCM-Z3YR_seed-42	cyanno	13	/PBMC/CD3-CD19-/CD7low cells/CD11c hi HLADR hi/Monocytes non-class	/PBMC/CD3-CD19-/CD7low cells/CD11c hi HLADR hi/Monocytes non-class	0.986995756608845	0.010512590580980159	0.01561555676929691	0.006656652422348933	5
dataset_name-FR-FCM-Z3YR_seed-42	cyanno	14	/PBMC/CD3-CD19-/CD7low cells/CD11c hi HLADR hi/cDC/cDC1	/PBMC/CD3-CD19-/CD7low cells/CD11c hi HLADR hi/cDC/cDC1	0.7622673536207696	0.44739839852682645	9.18039588673051e-4	0.5205041685471928	5
dataset_name-FR-FCM-Z3YR_seed-42	cyanno	15	/PBMC/CD3-CD19-/CD7low cells/CD11c hi HLADR hi/cDC/cDC2	/PBMC/CD3-CD19-/CD7low cells/CD11c hi HLADR hi/cDC/cDC2	0.9814408220723467	0.019851959314352824	0.028124538751913664	0.016440034646385226	5
dataset_name-FR-FCM-Z3YR_seed-42	cyanno	16	/PBMC/CD3-CD19-/CD7low cells/CD11c low HLADR hi/pDC	/PBMC/CD3-CD19-/CD7low cells/CD11c low HLADR hi/pDC	0.976521176369089	0.020168230084039687	0.0365978017022133	0.0044788403027367805	5
dataset_name-FR-FCM-Z3YR_seed-42	cyanno	17	/PBMC/CD3-CD19-/CD7low cells/CD11c low HLADR low/Basophils	/PBMC/CD3-CD19-/CD7low cells/CD11c low HLADR low/Basophils	0.9978100080208473	0.0011538582686493597	0.0021911847698988934	1.496538598675105e-4	5
dataset_name-FR-FCM-Z3YR_seed-42	cyanno	18	/PBMC/T cells/NKT cells	/PBMC/T cells/NKT cells	0.001594896331738437	NA	NA	3.5691428212287146e-4	5
dataset_name-FR-FCM-Z3YR_seed-42	cyanno	19	/PBMC/T cells/T cells CD4/T cells CM	/PBMC/T cells/T cells CD4/T cells CM	0.998696241430848	0.0014395469760904254	0.0025225684467750226	4.000685983896789e-4	5
dataset_name-FR-FCM-Z3YR_seed-42	cyanno	2	/PBMC/B cells/B cells DN	/PBMC/B cells/B cells DN	0.9700487722537824	0.023351119497698886	0.013549624270201335	0.036837081092315156	5
dataset_name-FR-FCM-Z3YR_seed-42	cyanno	20	/PBMC/T cells/T cells CD4/T cells EM	/PBMC/T cells/T cells CD4/T cells EM	0.9928139581488434	0.006745268318751537	0.008398600826478803	0.005308073513457558	5
dataset_name-FR-FCM-Z3YR_seed-42	cyanno	21	/PBMC/T cells/T cells CD4/T cells Naive	/PBMC/T cells/T cells CD4/T cells Naive	0.9986643746632637	0.0013610813536957373	0.0023060768354843195	4.919809471923831e-4	5
dataset_name-FR-FCM-Z3YR_seed-42	cyanno	22	/PBMC/T cells/T cells CD4/T cells TEMRA	/PBMC/T cells/T cells CD4/T cells TEMRA	0.6079967487043964	0.44642058661139516	0.039332786585876515	0.44078109397925413	5
dataset_name-FR-FCM-Z3YR_seed-42	cyanno	23	/PBMC/T cells/T cells CD4hiCD8hi	/PBMC/T cells/T cells CD4hiCD8hi	0.9367277145093784	0.06502647657614018	0.019661928266830983	0.10265457732444434	5
dataset_name-FR-FCM-Z3YR_seed-42	cyanno	24	/PBMC/T cells/T cells CD4lowCD8low	/PBMC/T cells/T cells CD4lowCD8low	0.9951140400178475	0.004102431511648948	0.004755629569187638	0.0037474370194644597	5
dataset_name-FR-FCM-Z3YR_seed-42	cyanno	25	/PBMC/T cells/T cells CD8/T cells CM	/PBMC/T cells/T cells CD8/T cells CM	0.996707419550565	0.0030439814359414907	0.0036726669799132046	0.0026003899678976134	5
dataset_name-FR-FCM-Z3YR_seed-42	cyanno	26	/PBMC/T cells/T cells CD8/T cells EM	/PBMC/T cells/T cells CD8/T cells EM	0.9884968637871195	0.010850830763680928	0.00974845869822287	0.015588614865546864	5
dataset_name-FR-FCM-Z3YR_seed-42	cyanno	27	/PBMC/T cells/T cells CD8/T cells Naive	/PBMC/T cells/T cells CD8/T cells Naive	0.9973916645146061	0.002510397670715338	0.0027939653936489436	0.002338890655305893	5
dataset_name-FR-FCM-Z3YR_seed-42	cyanno	28	/PBMC/T cells/T cells CD8/T cells TEMRA	/PBMC/T cells/T cells CD8/T cells TEMRA	0.9692120709858549	0.04081579180913556	0.005785865019215904	0.07434394070904105	5
dataset_name-FR-FCM-Z3YR_seed-42	cyanno	3	/PBMC/B cells/B cells NSM	/PBMC/B cells/B cells NSM	0.9863356592151192	0.015268730475439623	0.0030986772160508684	0.029631251469508953	5
dataset_name-FR-FCM-Z3YR_seed-42	cyanno	4	/PBMC/B cells/B cells Naive/B cells TR	/PBMC/B cells/B cells Naive/B cells TR	0.9853807128956434	0.01601073414413711	0.007130482525161775	0.02501267739328942	5
dataset_name-FR-FCM-Z3YR_seed-42	cyanno	5	/PBMC/B cells/B cells SWME/B cells CD27hi CD20hi	/PBMC/B cells/B cells SWME/B cells CD27hi CD20hi	0.9876075647136776	0.01232281866819695	0.020155520779200947	0.004252940429560093	5
dataset_name-FR-FCM-Z3YR_seed-42	cyanno	6	/PBMC/B cells/B cells SWME/B cells PB	/PBMC/B cells/B cells SWME/B cells PB	0.885879372924803	0.10363796330457893	0.06500117736889041	0.14684031474233325	5
dataset_name-FR-FCM-Z3YR_seed-42	cyanno	7	/PBMC/B cells/B cells SWME/B cells PC	/PBMC/B cells/B cells SWME/B cells PC	0.9261215630202285	0.07275297383005194	0.021434102029195698	0.1315389598916737	5
dataset_name-FR-FCM-Z3YR_seed-42	cyanno	8	/PBMC/CD3 CD19 DP	/PBMC/CD3 CD19 DP	0.9808442425765124	0.011755409738494878	0.0025846722739852252	0.02154241335132787	5
dataset_name-FR-FCM-Z3YR_seed-42	cyanno	9	/PBMC/CD3-CD19-/CD7hi cells/NK cells CD56 hi	/PBMC/CD3-CD19-/CD7hi cells/NK cells CD56 hi	0.9397123947082834	0.08011932119014831	0.005592864318656533	0.13316499151577088	5
dataset_name-FR-FCM-Z3YR_seed-42	cygate	1	/Granulocytes	/Granulocytes	0.9980049540801008	0.0013889599862615817	8.707132865479349e-5	0.0028378053802600466	5
dataset_name-FR-FCM-Z3YR_seed-42	cygate	10	/PBMC/CD3-CD19-/CD7hi cells/NK cells CD56 mid	/PBMC/CD3-CD19-/CD7hi cells/NK cells CD56 mid	0.9767595229305405	0.003801233710544186	0.006654430899234738	0.0011643587505393788	5
dataset_name-FR-FCM-Z3YR_seed-42	cygate	11	/PBMC/CD3-CD19-/CD7low cells/CD11c hi HLADR hi/Monocytes CD14hi	/PBMC/CD3-CD19-/CD7low cells/CD11c hi HLADR hi/Monocytes CD14hi	0.9479178179674349	0.02499117823094792	0.02144131382008248	0.04823805224721746	5
dataset_name-FR-FCM-Z3YR_seed-42	cygate	12	/PBMC/CD3-CD19-/CD7low cells/CD11c hi HLADR hi/Monocytes CD14mid	/PBMC/CD3-CD19-/CD7low cells/CD11c hi HLADR hi/Monocytes CD14mid	0.48990342712540225	0.14643148322651672	0.12970370039481785	0.22533300382790364	5
dataset_name-FR-FCM-Z3YR_seed-42	cygate	13	/PBMC/CD3-CD19-/CD7low cells/CD11c hi HLADR hi/Monocytes non-class	/PBMC/CD3-CD19-/CD7low cells/CD11c hi HLADR hi/Monocytes non-class	0.8516472473447979	0.04660887292934291	0.07622505794039937	0.03693796054005372	5
dataset_name-FR-FCM-Z3YR_seed-42	cygate	14	/PBMC/CD3-CD19-/CD7low cells/CD11c hi HLADR hi/cDC/cDC1	/PBMC/CD3-CD19-/CD7low cells/CD11c hi HLADR hi/cDC/cDC1	0.7566810579478677	0.2882062352525505	0.35241544673250197	0.4001483071878128	5
dataset_name-FR-FCM-Z3YR_seed-42	cygate	15	/PBMC/CD3-CD19-/CD7low cells/CD11c hi HLADR hi/cDC/cDC2	/PBMC/CD3-CD19-/CD7low cells/CD11c hi HLADR hi/cDC/cDC2	0.9045384684091424	0.024203562062563258	0.041787083355738025	0.002834008535392804	5
dataset_name-FR-FCM-Z3YR_seed-42	cygate	16	/PBMC/CD3-CD19-/CD7low cells/CD11c low HLADR hi/pDC	/PBMC/CD3-CD19-/CD7low cells/CD11c low HLADR hi/pDC	0.929512186536536	0.007112440509862357	0.013236059955156245	0.002266279537157637	5
dataset_name-FR-FCM-Z3YR_seed-42	cygate	17	/PBMC/CD3-CD19-/CD7low cells/CD11c low HLADR low/Basophils	/PBMC/CD3-CD19-/CD7low cells/CD11c low HLADR low/Basophils	0.9903471326373395	0.00900903589382252	0.01736458572521465	1.875991488681223e-4	5
dataset_name-FR-FCM-Z3YR_seed-42	cygate	18	/PBMC/T cells/NKT cells	/PBMC/T cells/NKT cells	0.011001049334979751	0.005849280776434753	0.0030058989989966423	0.10148487104628995	5
dataset_name-FR-FCM-Z3YR_seed-42	cygate	19	/PBMC/T cells/T cells CD4/T cells CM	/PBMC/T cells/T cells CD4/T cells CM	0.9818863810075656	0.0026026407333057206	0.0024330761927644795	0.007215365635697573	5
dataset_name-FR-FCM-Z3YR_seed-42	cygate	2	/PBMC/B cells/B cells DN	/PBMC/B cells/B cells DN	0.5005134365424465	0.12180335096680618	0.08246482876435865	0.11788047146450757	5
dataset_name-FR-FCM-Z3YR_seed-42	cygate	20	/PBMC/T cells/T cells CD4/T cells EM	/PBMC/T cells/T cells CD4/T cells EM	0.9687434726226621	0.006045780706092931	0.01678980883303053	0.007211712903883015	5
dataset_name-FR-FCM-Z3YR_seed-42	cygate	21	/PBMC/T cells/T cells CD4/T cells Naive	/PBMC/T cells/T cells CD4/T cells Naive	0.9744442965287202	0.003975887308257679	0.004110648639189975	0.004719245811941661	5
dataset_name-FR-FCM-Z3YR_seed-42	cygate	22	/PBMC/T cells/T cells CD4/T cells TEMRA	/PBMC/T cells/T cells CD4/T cells TEMRA	0.031869313896375456	0.05002205812777853	0.03549907849094627	0.08323946818699172	5
dataset_name-FR-FCM-Z3YR_seed-42	cygate	23	/PBMC/T cells/T cells CD4hiCD8hi	/PBMC/T cells/T cells CD4hiCD8hi	0.07787712533920552	0.02434955755940261	0.1755686147969278	0.013179326397832277	5
dataset_name-FR-FCM-Z3YR_seed-42	cygate	24	/PBMC/T cells/T cells CD4lowCD8low	/PBMC/T cells/T cells CD4lowCD8low	0.9884442881330839	0.0017881234803491537	0.00508424047192487	0.0027249209866252663	5
dataset_name-FR-FCM-Z3YR_seed-42	cygate	25	/PBMC/T cells/T cells CD8/T cells CM	/PBMC/T cells/T cells CD8/T cells CM	0.9710795404875081	0.017597167120501356	0.002488946860422611	0.031550251148136955	5
dataset_name-FR-FCM-Z3YR_seed-42	cygate	26	/PBMC/T cells/T cells CD8/T cells EM	/PBMC/T cells/T cells CD8/T cells EM	0.8459395100149257	0.10590634223016494	0.020044270760428622	0.15278056912610052	5
dataset_name-FR-FCM-Z3YR_seed-42	cygate	27	/PBMC/T cells/T cells CD8/T cells Naive	/PBMC/T cells/T cells CD8/T cells Naive	0.9610165833504049	0.01535091439353708	0.02493673550062494	0.012570358535880202	5
dataset_name-FR-FCM-Z3YR_seed-42	cygate	28	/PBMC/T cells/T cells CD8/T cells TEMRA	/PBMC/T cells/T cells CD8/T cells TEMRA	0.3678884590028726	0.1477823877799149	0.1250062903752802	0.30374417245271185	5
dataset_name-FR-FCM-Z3YR_seed-42	cygate	3	/PBMC/B cells/B cells NSM	/PBMC/B cells/B cells NSM	0.9518344247550576	0.00976546197046774	0.01950413767402656	0.006247355866727104	5
dataset_name-FR-FCM-Z3YR_seed-42	cygate	4	/PBMC/B cells/B cells Naive/B cells TR	/PBMC/B cells/B cells Naive/B cells TR	0.9419424929685463	0.01146426841512893	0.01644391064877679	0.03533288346213722	5
dataset_name-FR-FCM-Z3YR_seed-42	cygate	5	/PBMC/B cells/B cells SWME/B cells CD27hi CD20hi	/PBMC/B cells/B cells SWME/B cells CD27hi CD20hi	0.8957606304799993	0.009264176065008574	0.020360351071262377	0.01963163867369841	5
dataset_name-FR-FCM-Z3YR_seed-42	cygate	6	/PBMC/B cells/B cells SWME/B cells PB	/PBMC/B cells/B cells SWME/B cells PB	0.6444258241505167	0.15204320179808106	0.2096623924697074	0.08373430129834593	5
dataset_name-FR-FCM-Z3YR_seed-42	cygate	7	/PBMC/B cells/B cells SWME/B cells PC	/PBMC/B cells/B cells SWME/B cells PC	0.8204478503182412	0.06359682320288605	0.0911890971993363	0.0729611152923767	5
dataset_name-FR-FCM-Z3YR_seed-42	cygate	8	/PBMC/CD3 CD19 DP	/PBMC/CD3 CD19 DP	0.8486267968525814	0.04668410783584175	0.09140527141613405	0.0765144316944796	5
dataset_name-FR-FCM-Z3YR_seed-42	cygate	9	/PBMC/CD3-CD19-/CD7hi cells/NK cells CD56 hi	/PBMC/CD3-CD19-/CD7hi cells/NK cells CD56 hi	0.31922273516858285	0.2813530340776756	0.3523028193049427	0.21171813186031507	5
dataset_name-FR-FCM-Z3YR_seed-42	dgcytof	1	/Granulocytes	/Granulocytes	0.9993892488754565	1.7447618508264383e-4	1.7169077308119246e-4	2.626139334202704e-4	5
dataset_name-FR-FCM-Z3YR_seed-42	dgcytof	10	/PBMC/CD3-CD19-/CD7hi cells/NK cells CD56 mid	/PBMC/CD3-CD19-/CD7hi cells/NK cells CD56 mid	0.9887719958176616	0.005220731066397733	0.0045710241144443	0.006241383279768388	5
dataset_name-FR-FCM-Z3YR_seed-42	dgcytof	11	/PBMC/CD3-CD19-/CD7low cells/CD11c hi HLADR hi/Monocytes CD14hi	/PBMC/CD3-CD19-/CD7low cells/CD11c hi HLADR hi/Monocytes CD14hi	0.9866756476030367	0.006338138736061397	0.011462526384351203	0.006958134226804344	5
dataset_name-FR-FCM-Z3YR_seed-42	dgcytof	12	/PBMC/CD3-CD19-/CD7low cells/CD11c hi HLADR hi/Monocytes CD14mid	/PBMC/CD3-CD19-/CD7low cells/CD11c hi HLADR hi/Monocytes CD14mid	0.7158081510801456	0.17665677304090932	0.13721681196037303	0.2472458418773212	5
dataset_name-FR-FCM-Z3YR_seed-42	dgcytof	13	/PBMC/CD3-CD19-/CD7low cells/CD11c hi HLADR hi/Monocytes non-class	/PBMC/CD3-CD19-/CD7low cells/CD11c hi HLADR hi/Monocytes non-class	0.941956738442238	0.026597829041055596	0.024768002850951647	0.05302570536809502	5
dataset_name-FR-FCM-Z3YR_seed-42	dgcytof	14	/PBMC/CD3-CD19-/CD7low cells/CD11c hi HLADR hi/cDC/cDC1	/PBMC/CD3-CD19-/CD7low cells/CD11c hi HLADR hi/cDC/cDC1	0.8779228141961273	0.056593279110846405	0.03202059541386023	0.3748079727163972	5
dataset_name-FR-FCM-Z3YR_seed-42	dgcytof	15	/PBMC/CD3-CD19-/CD7low cells/CD11c hi HLADR hi/cDC/cDC2	/PBMC/CD3-CD19-/CD7low cells/CD11c hi HLADR hi/cDC/cDC2	0.9189192863217285	0.06661119388415407	0.12946903624683773	0.022771115779352168	5
dataset_name-FR-FCM-Z3YR_seed-42	dgcytof	16	/PBMC/CD3-CD19-/CD7low cells/CD11c low HLADR hi/pDC	/PBMC/CD3-CD19-/CD7low cells/CD11c low HLADR hi/pDC	0.9726027485621416	0.01644504246947065	0.033739321823324384	0.0043999784803296525	5
dataset_name-FR-FCM-Z3YR_seed-42	dgcytof	17	/PBMC/CD3-CD19-/CD7low cells/CD11c low HLADR low/Basophils	/PBMC/CD3-CD19-/CD7low cells/CD11c low HLADR low/Basophils	0.9975635288433089	6.766216879151556e-4	0.001022065313029525	0.0015381238083674482	5
dataset_name-FR-FCM-Z3YR_seed-42	dgcytof	18	/PBMC/T cells/NKT cells	/PBMC/T cells/NKT cells	0.014890705270416917	0.018919131200925195	0.02948873697007633	0.0082338137283103	5
dataset_name-FR-FCM-Z3YR_seed-42	dgcytof	19	/PBMC/T cells/T cells CD4/T cells CM	/PBMC/T cells/T cells CD4/T cells CM	0.9793643527686908	0.006932351179429425	0.012037225298694946	0.015500899058690029	5
dataset_name-FR-FCM-Z3YR_seed-42	dgcytof	2	/PBMC/B cells/B cells DN	/PBMC/B cells/B cells DN	0.8849548139928644	0.03428680957680415	0.07309212124443547	0.07969314026998336	5
dataset_name-FR-FCM-Z3YR_seed-42	dgcytof	20	/PBMC/T cells/T cells CD4/T cells EM	/PBMC/T cells/T cells CD4/T cells EM	0.9635881345638881	0.01653320768417053	0.046538501271231464	0.016336407534841745	5
dataset_name-FR-FCM-Z3YR_seed-42	dgcytof	21	/PBMC/T cells/T cells CD4/T cells Naive	/PBMC/T cells/T cells CD4/T cells Naive	0.986328324031872	0.00475364175386166	0.013774064518374755	0.010776338678560092	5
dataset_name-FR-FCM-Z3YR_seed-42	dgcytof	22	/PBMC/T cells/T cells CD4/T cells TEMRA	/PBMC/T cells/T cells CD4/T cells TEMRA	0.7222095011309646	0.13702664000171139	0.1186824674397061	0.1714755385199234	5
dataset_name-FR-FCM-Z3YR_seed-42	dgcytof	23	/PBMC/T cells/T cells CD4hiCD8hi	/PBMC/T cells/T cells CD4hiCD8hi	0.8862968205779569	0.04238210945174883	0.0716103220902742	0.10561814172524167	5
dataset_name-FR-FCM-Z3YR_seed-42	dgcytof	24	/PBMC/T cells/T cells CD4lowCD8low	/PBMC/T cells/T cells CD4lowCD8low	0.9795982409675725	0.006500214924459267	0.00990795686104197	0.016142464503826424	5
dataset_name-FR-FCM-Z3YR_seed-42	dgcytof	25	/PBMC/T cells/T cells CD8/T cells CM	/PBMC/T cells/T cells CD8/T cells CM	0.9724666930579658	0.005387706498841488	0.010098294031018447	0.012371555265564806	5
dataset_name-FR-FCM-Z3YR_seed-42	dgcytof	26	/PBMC/T cells/T cells CD8/T cells EM	/PBMC/T cells/T cells CD8/T cells EM	0.9376705317020558	0.010880148071345882	0.047300750103093224	0.038177209071861715	5
dataset_name-FR-FCM-Z3YR_seed-42	dgcytof	27	/PBMC/T cells/T cells CD8/T cells Naive	/PBMC/T cells/T cells CD8/T cells Naive	0.9783402977542278	0.006791582550577338	0.01613551620184622	0.010746325332770845	5
dataset_name-FR-FCM-Z3YR_seed-42	dgcytof	28	/PBMC/T cells/T cells CD8/T cells TEMRA	/PBMC/T cells/T cells CD8/T cells TEMRA	0.8389338491592772	0.07539779955676787	0.06914500271033518	0.14693718865488817	5
dataset_name-FR-FCM-Z3YR_seed-42	dgcytof	3	/PBMC/B cells/B cells NSM	/PBMC/B cells/B cells NSM	0.9395179465869	0.022798140742687278	0.0274190113508356	0.04163032122969936	5
dataset_name-FR-FCM-Z3YR_seed-42	dgcytof	4	/PBMC/B cells/B cells Naive/B cells TR	/PBMC/B cells/B cells Naive/B cells TR	0.9812569361671987	0.010320119284529262	0.004166629334617122	0.020442851248664667	5
dataset_name-FR-FCM-Z3YR_seed-42	dgcytof	5	/PBMC/B cells/B cells SWME/B cells CD27hi CD20hi	/PBMC/B cells/B cells SWME/B cells CD27hi CD20hi	0.9304610683168039	0.02035931555415081	0.046855932649185444	0.04251275137859431	5
dataset_name-FR-FCM-Z3YR_seed-42	dgcytof	6	/PBMC/B cells/B cells SWME/B cells PB	/PBMC/B cells/B cells SWME/B cells PB	0.6652723499682739	0.06457846541777613	0.14722023844605614	0.0752287053241923	5
dataset_name-FR-FCM-Z3YR_seed-42	dgcytof	7	/PBMC/B cells/B cells SWME/B cells PC	/PBMC/B cells/B cells SWME/B cells PC	0.8486389010421589	0.11766225832049873	0.08591507469097341	0.16048903228083497	5
dataset_name-FR-FCM-Z3YR_seed-42	dgcytof	8	/PBMC/CD3 CD19 DP	/PBMC/CD3 CD19 DP	0.9742530796117241	0.009942525549151048	0.012625908501972755	0.007640512308216326	5
dataset_name-FR-FCM-Z3YR_seed-42	dgcytof	9	/PBMC/CD3-CD19-/CD7hi cells/NK cells CD56 hi	/PBMC/CD3-CD19-/CD7hi cells/NK cells CD56 hi	0.8212511916890277	0.07089678307645711	0.118198456838075	0.07024106948993143	5
dataset_name-FR-FCM-Z3YR_seed-42	random	1	/Granulocytes	/Granulocytes	0.06575660158502003	9.223127290803809e-4	3.8270474587027823e-4	5.172963751140003e-4	5
dataset_name-FR-FCM-Z3YR_seed-42	random	10	/PBMC/CD3-CD19-/CD7hi cells/NK cells CD56 mid	/PBMC/CD3-CD19-/CD7hi cells/NK cells CD56 mid	0.03629203646480691	3.912002014779936e-4	2.4418710496264354e-4	5.412432731198214e-4	5
dataset_name-FR-FCM-Z3YR_seed-42	random	11	/PBMC/CD3-CD19-/CD7low cells/CD11c hi HLADR hi/Monocytes CD14hi	/PBMC/CD3-CD19-/CD7low cells/CD11c hi HLADR hi/Monocytes CD14hi	0.04460377773625176	3.945760518295565e-4	3.038518094430679e-4	5.282986386067411e-4	5
dataset_name-FR-FCM-Z3YR_seed-42	random	12	/PBMC/CD3-CD19-/CD7low cells/CD11c hi HLADR hi/Monocytes CD14mid	/PBMC/CD3-CD19-/CD7low cells/CD11c hi HLADR hi/Monocytes CD14mid	0.0056577773853826825	1.4667797303889702e-4	8.31190012720741e-5	9.42574867375732e-4	5
dataset_name-FR-FCM-Z3YR_seed-42	random	13	/PBMC/CD3-CD19-/CD7low cells/CD11c hi HLADR hi/Monocytes non-class	/PBMC/CD3-CD19-/CD7low cells/CD11c hi HLADR hi/Monocytes non-class	0.009700461253344924	1.846312670216648e-4	1.0641155523322971e-4	9.22939988304911e-4	5
dataset_name-FR-FCM-Z3YR_seed-42	random	14	/PBMC/CD3-CD19-/CD7low cells/CD11c hi HLADR hi/cDC/cDC1	/PBMC/CD3-CD19-/CD7low cells/CD11c hi HLADR hi/cDC/cDC1	3.7072274868298484e-4	2.0313770304449652e-5	1.0204080563413888e-5	0.016172293412409753	5
dataset_name-FR-FCM-Z3YR_seed-42	random	15	/PBMC/CD3-CD19-/CD7low cells/CD11c hi HLADR hi/cDC/cDC2	/PBMC/CD3-CD19-/CD7low cells/CD11c hi HLADR hi/cDC/cDC2	0.005861320240846103	2.3321337340299566e-4	1.283137544642844e-4	0.0013798331688512785	5
dataset_name-FR-FCM-Z3YR_seed-42	random	16	/PBMC/CD3-CD19-/CD7low cells/CD11c low HLADR hi/pDC	/PBMC/CD3-CD19-/CD7low cells/CD11c low HLADR hi/pDC	0.0048738996403598755	1.582457362036257e-4	8.531061199562037e-5	0.0011802226266017222	5
dataset_name-FR-FCM-Z3YR_seed-42	random	17	/PBMC/CD3-CD19-/CD7low cells/CD11c low HLADR low/Basophils	/PBMC/CD3-CD19-/CD7low cells/CD11c low HLADR low/Basophils	0.014116194881859988	7.743350097049011e-5	6.858149317520164e-5	3.9631458735996897e-4	5
dataset_name-FR-FCM-Z3YR_seed-42	random	18	/PBMC/T cells/NKT cells	/PBMC/T cells/NKT cells	1.5782428009146208e-4	1.6257570706798457e-5	8.147907543555531e-6	0.003504116094646803	5
dataset_name-FR-FCM-Z3YR_seed-42	random	19	/PBMC/T cells/T cells CD4/T cells CM	/PBMC/T cells/T cells CD4/T cells CM	0.045051772783437014	6.886193233092553e-4	3.8194339609444716e-4	7.598025797929618e-4	5
dataset_name-FR-FCM-Z3YR_seed-42	random	2	/PBMC/B cells/B cells DN	/PBMC/B cells/B cells DN	0.00591843769851842	1.6679842408514855e-4	8.982602224836541e-5	0.0012461063584322312	5
dataset_name-FR-FCM-Z3YR_seed-42	random	20	/PBMC/T cells/T cells CD4/T cells EM	/PBMC/T cells/T cells CD4/T cells EM	0.014095898863083243	1.096120496181122e-4	5.168451441562823e-5	5.986422990055343e-4	5
dataset_name-FR-FCM-Z3YR_seed-42	random	21	/PBMC/T cells/T cells CD4/T cells Naive	/PBMC/T cells/T cells CD4/T cells Naive	0.04908126003846461	5.1600479406267e-4	3.042984635902873e-4	5.312555329571344e-4	5
dataset_name-FR-FCM-Z3YR_seed-42	random	22	/PBMC/T cells/T cells CD4/T cells TEMRA	/PBMC/T cells/T cells CD4/T cells TEMRA	6.288422744654308e-4	5.903683222319369e-5	2.983873459603749e-5	0.002664688048459481	5
dataset_name-FR-FCM-Z3YR_seed-42	random	23	/PBMC/T cells/T cells CD4hiCD8hi	/PBMC/T cells/T cells CD4hiCD8hi	0.005108506945506456	7.845164735530333e-5	4.012031484240914e-5	0.001026185476564517	5
dataset_name-FR-FCM-Z3YR_seed-42	random	24	/PBMC/T cells/T cells CD4lowCD8low	/PBMC/T cells/T cells CD4lowCD8low	0.031336795261302314	3.544947835476201e-4	2.0139922057710693e-4	6.930094746330325e-4	5
dataset_name-FR-FCM-Z3YR_seed-42	random	25	/PBMC/T cells/T cells CD8/T cells CM	/PBMC/T cells/T cells CD8/T cells CM	0.03145831736153415	2.8626166790616256e-4	1.680536081499783e-4	6.047636170645093e-4	5
dataset_name-FR-FCM-Z3YR_seed-42	random	26	/PBMC/T cells/T cells CD8/T cells EM	/PBMC/T cells/T cells CD8/T cells EM	0.010172938280992977	1.5844005548942068e-4	7.697777249698571e-5	0.0011012657066995705	5
dataset_name-FR-FCM-Z3YR_seed-42	random	27	/PBMC/T cells/T cells CD8/T cells Naive	/PBMC/T cells/T cells CD8/T cells Naive	0.030598867005251225	2.1521134074317994e-4	1.5191838419467238e-4	4.6037491604858697e-4	5
dataset_name-FR-FCM-Z3YR_seed-42	random	28	/PBMC/T cells/T cells CD8/T cells TEMRA	/PBMC/T cells/T cells CD8/T cells TEMRA	0.003375262274242637	1.5311620374165906e-4	8.010858596829258e-5	0.0018239844375776944	5
dataset_name-FR-FCM-Z3YR_seed-42	random	3	/PBMC/B cells/B cells NSM	/PBMC/B cells/B cells NSM	0.0057185379714272695	9.804252614031816e-5	5.3498717057163065e-5	7.335008482314371e-4	5
dataset_name-FR-FCM-Z3YR_seed-42	random	4	/PBMC/B cells/B cells Naive/B cells TR	/PBMC/B cells/B cells Naive/B cells TR	0.0071325220153312715	1.3607916942477865e-4	7.784721282490046e-5	7.724032986852606e-4	5
dataset_name-FR-FCM-Z3YR_seed-42	random	5	/PBMC/B cells/B cells SWME/B cells CD27hi CD20hi	/PBMC/B cells/B cells SWME/B cells CD27hi CD20hi	0.010558439049702767	1.4690351709845437e-4	9.860494694871191e-5	2.3890035171550018e-4	5
dataset_name-FR-FCM-Z3YR_seed-42	random	6	/PBMC/B cells/B cells SWME/B cells PB	/PBMC/B cells/B cells SWME/B cells PB	9.164558749355084e-4	5.358500374337732e-5	2.7279632108087136e-5	0.0013364876498853267	5
dataset_name-FR-FCM-Z3YR_seed-42	random	7	/PBMC/B cells/B cells SWME/B cells PC	/PBMC/B cells/B cells SWME/B cells PC	0.001044634017458106	2.494219160676496e-5	1.275141404774121e-5	5.705840060832417e-4	5
dataset_name-FR-FCM-Z3YR_seed-42	random	8	/PBMC/CD3 CD19 DP	/PBMC/CD3 CD19 DP	0.005599461323226246	1.1424967557713045e-4	6.258896778434078e-5	8.218972156290636e-4	5
dataset_name-FR-FCM-Z3YR_seed-42	random	9	/PBMC/CD3-CD19-/CD7hi cells/NK cells CD56 hi	/PBMC/CD3-CD19-/CD7hi cells/NK cells CD56 hi	0.002772101502625539	3.6990879094582126e-5	1.9889435390012765e-5	6.493697730478539e-4	5
dataset_name-Levine_seed-420_sub-sampling-10000	cyanno	1	Basophils	Basophils	0.03614257161892072	0.04812974204611965	0.058925565098878946	0.026344743668177566	2
dataset_name-Levine_seed-420_sub-sampling-10000	cyanno	10	Monocytes	Monocytes	0.3025639447413339	0.10737917461784167	0.001732639594069504	0.11211387027246485	2
dataset_name-Levine_seed-420_sub-sampling-10000	cyanno	11	Plasma_B_cells	Plasma_B_cells	0.0392156862745098	NA	NA	0.014549522246636781	2
dataset_name-Levine_seed-420_sub-sampling-10000	cyanno	12	Pre_B_cells	Pre_B_cells	0.17481781037231137	0.09745862360211015	0.012397501690222782	0.0726543656845164	2
dataset_name-Levine_seed-420_sub-sampling-10000	cyanno	13	Pro_B_cells	Pro_B_cells	NA	NA	NA	0	2
dataset_name-Levine_seed-420_sub-sampling-10000	cyanno	14	pDCs	pDCs	0.008136045176800047	0.0029738969120061847	0.07071067811865474	0.00150818813511647	2
dataset_name-Levine_seed-420_sub-sampling-10000	cyanno	15	ungated	ungated	0.709404401089112	0.048566988277644614	0.028685430991119375	0.0817709637536457	2
dataset_name-Levine_seed-420_sub-sampling-10000	cyanno	2	CD16+_NK_cells	CD16+_NK_cells	0.08618331053351574	0.09995581494201085	0.011655606283294737	0.06062946064856341	2
dataset_name-Levine_seed-420_sub-sampling-10000	cyanno	3	CD16-_NK_cells	CD16-_NK_cells	0.0764359118440102	0.005719284188501491	0.008750034905640929	0.0033036077136469506	2
dataset_name-Levine_seed-420_sub-sampling-10000	cyanno	4	CD34+CD38+CD123+_HSPCs	CD34+CD38+CD123+_HSPCs	NA	NA	NA	0	2
dataset_name-Levine_seed-420_sub-sampling-10000	cyanno	5	CD34+CD38+CD123-_HSPCs	CD34+CD38+CD123-_HSPCs	0.10839758954707819	0.10094329916059384	0.04088534390848829	0.0645574265619979	2
dataset_name-Levine_seed-420_sub-sampling-10000	cyanno	6	CD34+CD38lo_HSCs	CD34+CD38lo_HSCs	0.17049180327868851	NA	NA	0.07353910524340095	2
dataset_name-Levine_seed-420_sub-sampling-10000	cyanno	7	CD4_T_cells	CD4_T_cells	0.40291209985188436	0.14861808468266133	0.005496992524164802	0.2142665779312551	2
dataset_name-Levine_seed-420_sub-sampling-10000	cyanno	8	CD8_T_cells	CD8_T_cells	0.26835858992401873	0.015607682199078987	0.011139668401646752	0.013195498526175981	2
dataset_name-Levine_seed-420_sub-sampling-10000	cyanno	9	Mature_B_cells	Mature_B_cells	0.392520973454971	0.060229103961732894	0.009793480707235869	0.07931610642432868	2
dataset_name-Levine_seed-420_sub-sampling-10000	cygate	1	Basophils	Basophils	0.5288327109068275	0.07348006118391655	0.06098165601373481	0.06655033729829483	2
dataset_name-Levine_seed-420_sub-sampling-10000	cygate	10	Monocytes	Monocytes	0.5812878447496928	0.007063450701361453	0.004408733973791783	0.01543680210520111	2
dataset_name-Levine_seed-420_sub-sampling-10000	cygate	11	Plasma_B_cells	Plasma_B_cells	0.04913223242801614	0.01927470392132873	0.019073467330476324	0.0194459402634659	2
dataset_name-Levine_seed-420_sub-sampling-10000	cygate	12	Pre_B_cells	Pre_B_cells	0.5588945281535266	0.07114510304950401	0.067910934885352	0.006931507102102312	2
dataset_name-Levine_seed-420_sub-sampling-10000	cygate	13	Pro_B_cells	Pro_B_cells	0.33183850481343735	0.30994250699681836	0.21814258683921625	0.5338077523252711	2
dataset_name-Levine_seed-420_sub-sampling-10000	cygate	14	pDCs	pDCs	0.48051985181162615	0.09049230702974766	0.07870573847177738	0.003635079150357971	2
dataset_name-Levine_seed-420_sub-sampling-10000	cygate	15	ungated	ungated	0.08097392891546912	0.03678768609485433	0.0801136040053834	0.02002197200306004	2
dataset_name-Levine_seed-420_sub-sampling-10000	cygate	2	CD16+_NK_cells	CD16+_NK_cells	0.5247098488300577	0.021515994397672312	0.010128137219261778	0.0641968949992353	2
dataset_name-Levine_seed-420_sub-sampling-10000	cygate	3	CD16-_NK_cells	CD16-_NK_cells	0.5285444565528119	0.03991244538150948	0.059374007994703354	0.09155379338015936	2
dataset_name-Levine_seed-420_sub-sampling-10000	cygate	4	CD34+CD38+CD123+_HSPCs	CD34+CD38+CD123+_HSPCs	0.012440300121324084	0.008656662558373263	0.004110455403672077	0.06178108248522348	2
dataset_name-Levine_seed-420_sub-sampling-10000	cygate	5	CD34+CD38+CD123-_HSPCs	CD34+CD38+CD123-_HSPCs	0.5784859246040048	0.045609122721486844	0.0540585396548997	0.03850282786997379	2
dataset_name-Levine_seed-420_sub-sampling-10000	cygate	6	CD34+CD38lo_HSCs	CD34+CD38lo_HSCs	0.5879684031857945	0.02248080705299971	0.01690200374975528	0.032913378703878345	2
dataset_name-Levine_seed-420_sub-sampling-10000	cygate	7	CD4_T_cells	CD4_T_cells	0.5884599553506004	0.05422862085631719	0.05285514644405466	0.011370320548455553	2
dataset_name-Levine_seed-420_sub-sampling-10000	cygate	8	CD8_T_cells	CD8_T_cells	0.6039941529707554	0.03908581603011381	0.03944897754282061	0.004392657247613623	2
dataset_name-Levine_seed-420_sub-sampling-10000	cygate	9	Mature_B_cells	Mature_B_cells	0.6209397144366126	0.02764807873980213	0.025504676292946487	0.018915735166019097	2
dataset_name-Levine_seed-420_sub-sampling-10000	dgcytof	1	Basophils	Basophils	0.3005846546206963	0.12000212669387271	0.047173395215804555	0.13619422001128956	2
dataset_name-Levine_seed-420_sub-sampling-10000	dgcytof	10	Monocytes	Monocytes	0.4383002294684908	0.04313200258972575	0.024727015965817903	0.11682254406758173	2
dataset_name-Levine_seed-420_sub-sampling-10000	dgcytof	11	Plasma_B_cells	Plasma_B_cells	0.259819209039548	0.03985365677467229	0.07376173156047436	0.026991872305829605	2
dataset_name-Levine_seed-420_sub-sampling-10000	dgcytof	12	Pre_B_cells	Pre_B_cells	0.07466372551583556	0.04075822013950639	0.05355444360692793	0.024955779816683482	2
dataset_name-Levine_seed-420_sub-sampling-10000	dgcytof	13	Pro_B_cells	Pro_B_cells	0.11040568697144258	0.14234001439156585	0.1983348288693975	0.14021906121765335	2
dataset_name-Levine_seed-420_sub-sampling-10000	dgcytof	14	pDCs	pDCs	0.18957030603278102	0.23871754191978697	0.02611473907791226	0.19607557443100196	2
dataset_name-Levine_seed-420_sub-sampling-10000	dgcytof	15	ungated	ungated	0.6810913235666336	0.0669770573717278	0.030406458910573995	0.12212719929546065	2
dataset_name-Levine_seed-420_sub-sampling-10000	dgcytof	2	CD16+_NK_cells	CD16+_NK_cells	0.3090778097982709	NA	NA	0.1706123785877553	2
dataset_name-Levine_seed-420_sub-sampling-10000	dgcytof	3	CD16-_NK_cells	CD16-_NK_cells	0.26415596641768013	0.16945965262755885	0.053471249128771006	0.2180410289560014	2
dataset_name-Levine_seed-420_sub-sampling-10000	dgcytof	4	CD34+CD38+CD123+_HSPCs	CD34+CD38+CD123+_HSPCs	0.1519470423331527	0.10274528555109956	0.0870285269152674	0.0867482828297674	2
dataset_name-Levine_seed-420_sub-sampling-10000	dgcytof	5	CD34+CD38+CD123-_HSPCs	CD34+CD38+CD123-_HSPCs	0.20949467156058044	0.2064587899085446	0.043443161719957823	0.22655280042981	2
dataset_name-Levine_seed-420_sub-sampling-10000	dgcytof	6	CD34+CD38lo_HSCs	CD34+CD38lo_HSCs	0.33953706030379505	0.03626525366433277	0.016362642891348443	0.048949626185922766	2
dataset_name-Levine_seed-420_sub-sampling-10000	dgcytof	7	CD4_T_cells	CD4_T_cells	0.02466952748911504	0.011944756627911664	0.015031118944141619	0.006329071579137666	2
dataset_name-Levine_seed-420_sub-sampling-10000	dgcytof	8	CD8_T_cells	CD8_T_cells	0.437183383480506	0.2178555944373623	0.03669324877194409	0.3865174028638293	2
dataset_name-Levine_seed-420_sub-sampling-10000	dgcytof	9	Mature_B_cells	Mature_B_cells	0.40413236326504565	0.16700428011596508	0.005564363135973418	0.2606423145068466	2
dataset_name-Levine_seed-420_sub-sampling-10000	random	1	Basophils	Basophils	0.006938190362055232	0.002208784185908808	0.0012279415422695847	0.00542417050848226	2
dataset_name-Levine_seed-420_sub-sampling-10000	random	10	Monocytes	Monocytes	0.0733507714746163	0.0021610898093545206	0.00900206235892288	0.0032620034732857915	2
dataset_name-Levine_seed-420_sub-sampling-10000	random	11	Plasma_B_cells	Plasma_B_cells	0.0014474183188253353	9.544800055751019e-4	4.8665277417500954e-4	0.024483333987443963	2
dataset_name-Levine_seed-420_sub-sampling-10000	random	12	Pre_B_cells	Pre_B_cells	0.03818228577575814	0.01258737904766529	0.01276562384375713	0.002822555372741621	2
dataset_name-Levine_seed-420_sub-sampling-10000	random	13	Pro_B_cells	Pro_B_cells	0.003947144684046879	0.0029646053137063234	0.0016047680432469801	0.005303581768950426	2
dataset_name-Levine_seed-420_sub-sampling-10000	random	14	pDCs	pDCs	0.011109133303421035	0.006300419045244579	0.003689602853410227	0.003920548026912109	2
dataset_name-Levine_seed-420_sub-sampling-10000	random	15	ungated	ungated	0.11958567470778761	0.0018004219775866932	0.04044164244974772	6.018051332416381e-4	2
dataset_name-Levine_seed-420_sub-sampling-10000	random	2	CD16+_NK_cells	CD16+_NK_cells	0.013217466455350824	0.004518687736337555	0.002731626598165322	0.006705016554725853	2
dataset_name-Levine_seed-420_sub-sampling-10000	random	3	CD16-_NK_cells	CD16-_NK_cells	0.025206403096176534	0.001163267190486803	0.0012843655608026448	0.007132372259551677	2
dataset_name-Levine_seed-420_sub-sampling-10000	random	4	CD34+CD38+CD123+_HSPCs	CD34+CD38+CD123+_HSPCs	0.0018553451770537011	6.739620010728777e-4	3.501096291000683e-4	1.9107551284089645e-4	2
dataset_name-Levine_seed-420_sub-sampling-10000	random	5	CD34+CD38+CD123-_HSPCs	CD34+CD38+CD123-_HSPCs	0.02439564892495632	0.01105853058757704	0.007492946591946652	0.014053499215000952	2
dataset_name-Levine_seed-420_sub-sampling-10000	random	6	CD34+CD38lo_HSCs	CD34+CD38lo_HSCs	0.007793714598940252	9.444455637627742e-4	4.922887545977455e-4	0.011262745848088429	2
dataset_name-Levine_seed-420_sub-sampling-10000	random	7	CD4_T_cells	CD4_T_cells	0.08086772500023906	0.004075884673364831	0.012415437499968008	2.5506440911126103e-4	2
dataset_name-Levine_seed-420_sub-sampling-10000	random	8	CD8_T_cells	CD8_T_cells	0.07351893515069749	0.008142480321187931	0.018491153303167814	9.728233027663394e-4	2
dataset_name-Levine_seed-420_sub-sampling-10000	random	9	Mature_B_cells	Mature_B_cells	0.06224764808054582	0.005909888943071792	0.008532178361512776	0.002686087448013835	2
dataset_name-Levine_seed-420_sub-sampling-100000	cyanno	1	Basophils	Basophils	0.10439720582536087	0.14465951534813332	0.11785113019775793	0.09136605688073365	2
dataset_name-Levine_seed-420_sub-sampling-100000	cyanno	10	Monocytes	Monocytes	0.2685051755040436	0.19715085170821603	6.406547230590064e-4	0.19166526923350957	2
dataset_name-Levine_seed-420_sub-sampling-100000	cyanno	11	Plasma_B_cells	Plasma_B_cells	0.18055222088835535	0.24379479898772685	0.007215375318230085	0.19215403518834093	2
dataset_name-Levine_seed-420_sub-sampling-100000	cyanno	12	Pre_B_cells	Pre_B_cells	0.24253046175821796	0.19056865611608656	0.00497486635107568	0.17238341745876778	2
dataset_name-Levine_seed-420_sub-sampling-100000	cyanno	13	Pro_B_cells	Pro_B_cells	0.13784074979436264	0.15433682539423932	0.0034325571902259575	0.10588061654410992	2
dataset_name-Levine_seed-420_sub-sampling-100000	cyanno	14	pDCs	pDCs	0.03527491718189823	0.045607253998630325	0.11785113019775793	0.02452751171089906	2
dataset_name-Levine_seed-420_sub-sampling-100000	cyanno	15	ungated	ungated	0.7050178984665151	0.0559935267117216	0.025715611075477852	0.10549242794975655	2
dataset_name-Levine_seed-420_sub-sampling-100000	cyanno	2	CD16+_NK_cells	CD16+_NK_cells	0.16756993773568357	0.21197700787583038	0.0047563236402682705	0.15912991081294084	2
dataset_name-Levine_seed-420_sub-sampling-100000	cyanno	3	CD16-_NK_cells	CD16-_NK_cells	0.1835623661356031	0.15409555359230828	0.003026291569936977	0.11798822435624512	2
dataset_name-Levine_seed-420_sub-sampling-100000	cyanno	4	CD34+CD38+CD123+_HSPCs	CD34+CD38+CD123+_HSPCs	0.016129032258064516	NA	NA	0.005795957222840554	2
dataset_name-Levine_seed-420_sub-sampling-100000	cyanno	5	CD34+CD38+CD123-_HSPCs	CD34+CD38+CD123-_HSPCs	0.16549647184129943	0.18132737131700638	0.004750237493575669	0.13417493715888337	2
dataset_name-Levine_seed-420_sub-sampling-100000	cyanno	6	CD34+CD38lo_HSCs	CD34+CD38lo_HSCs	0.050082075206807915	0.06239626675603446	0.07071067811865474	0.03464610883435348	2
dataset_name-Levine_seed-420_sub-sampling-100000	cyanno	7	CD4_T_cells	CD4_T_cells	0.3952713424595862	0.13836748743315033	0.003367361756697573	0.19389239778276185	2
dataset_name-Levine_seed-420_sub-sampling-100000	cyanno	8	CD8_T_cells	CD8_T_cells	0.3465204550043173	0.005060419633577102	9.862487448347172e-4	0.0056701120388701585	2
dataset_name-Levine_seed-420_sub-sampling-100000	cyanno	9	Mature_B_cells	Mature_B_cells	0.4072976376898496	0.048739601629960216	0.005164192944039686	0.06795571663351234	2
dataset_name-Levine_seed-420_sub-sampling-100000	cygate	1	Basophils	Basophils	0.5281267452106396	0.0795420397802328	0.07487587167999503	0.007379403007456729	2
dataset_name-Levine_seed-420_sub-sampling-100000	cygate	10	Monocytes	Monocytes	0.5671505717920362	0.029222333661718832	0.02785140319143202	0.004414417660711282	2
dataset_name-Levine_seed-420_sub-sampling-100000	cygate	11	Plasma_B_cells	Plasma_B_cells	0.5156072762198101	0.03917344753487159	0.06077739341178427	0.11707866624946825	2
dataset_name-Levine_seed-420_sub-sampling-100000	cygate	12	Pre_B_cells	Pre_B_cells	0.5736806507698771	0.06849230662726653	0.06649600083962257	0.008694142479024915	2
dataset_name-Levine_seed-420_sub-sampling-100000	cygate	13	Pro_B_cells	Pro_B_cells	0.3375998547567175	0.3683168764023611	0.26360481310056505	0.6108711794362717	2
dataset_name-Levine_seed-420_sub-sampling-100000	cygate	14	pDCs	pDCs	0.4856129088224804	0.04209870118809038	0.033496773952815924	0.03523101177664358	2
dataset_name-Levine_seed-420_sub-sampling-100000	cygate	15	ungated	ungated	0.06587860492872093	0.017839873140730128	0.07768669408728326	0.009509985094658677	2
dataset_name-Levine_seed-420_sub-sampling-100000	cygate	2	CD16+_NK_cells	CD16+_NK_cells	0.5389235251328097	0.00216007439016516	0.010739896440898197	0.06450828395584052	2
dataset_name-Levine_seed-420_sub-sampling-100000	cygate	3	CD16-_NK_cells	CD16-_NK_cells	0.5337086369886987	0.04122432009993636	0.0585342001906339	0.08786721542607463	2
dataset_name-Levine_seed-420_sub-sampling-100000	cygate	4	CD34+CD38+CD123+_HSPCs	CD34+CD38+CD123+_HSPCs	0.02457437541662747	0.029675448888392297	0.020420589525244313	0.05407437013397395	2
dataset_name-Levine_seed-420_sub-sampling-100000	cygate	5	CD34+CD38+CD123-_HSPCs	CD34+CD38+CD123-_HSPCs	0.5797696063623138	0.04818423897781215	0.04973665601013734	0.006513001035276205	2
dataset_name-Levine_seed-420_sub-sampling-100000	cygate	6	CD34+CD38lo_HSCs	CD34+CD38lo_HSCs	0.5987735755648815	0.035986290126846045	0.03327505335056039	0.020172715979796377	2
dataset_name-Levine_seed-420_sub-sampling-100000	cygate	7	CD4_T_cells	CD4_T_cells	0.5894081566447389	0.05311304222281298	0.051873785393566504	0.011038746981335706	2
dataset_name-Levine_seed-420_sub-sampling-100000	cygate	8	CD8_T_cells	CD8_T_cells	0.604519383512911	0.042290070853774356	0.043658125121932165	4.805255877804492e-4	2
dataset_name-Levine_seed-420_sub-sampling-100000	cygate	9	Mature_B_cells	Mature_B_cells	0.6198467744113728	0.027672627540018722	0.024706554942207255	0.022721594779586615	2
dataset_name-Levine_seed-420_sub-sampling-100000	dgcytof	1	Basophils	Basophils	0.011011344190654455	0.004817916534890506	0.15556349186104043	0.0025230698088557924	2
dataset_name-Levine_seed-420_sub-sampling-100000	dgcytof	10	Monocytes	Monocytes	0.48095459189686846	0.13462454570982174	0.006731526823697278	0.29226511776198555	2
dataset_name-Levine_seed-420_sub-sampling-100000	dgcytof	11	Plasma_B_cells	Plasma_B_cells	0.21238938053097348	NA	0.3263569759322527	0.09753196981883414	2
dataset_name-Levine_seed-420_sub-sampling-100000	dgcytof	12	Pre_B_cells	Pre_B_cells	0.04137625843566767	0.0038592692265224412	0.046198750921236244	0.0022256323241517722	2
dataset_name-Levine_seed-420_sub-sampling-100000	dgcytof	13	Pro_B_cells	Pro_B_cells	0.2621034823064994	0.3568730939365012	0.024063843338809215	0.4025328671416952	2
dataset_name-Levine_seed-420_sub-sampling-100000	dgcytof	14	pDCs	pDCs	0.5700615174299385	NA	NA	0.5083853926806731	2
dataset_name-Levine_seed-420_sub-sampling-100000	dgcytof	15	ungated	ungated	0.6381621306376948	0.14827719817690174	0.030996666193100608	0.32309819679359364	2
dataset_name-Levine_seed-420_sub-sampling-100000	dgcytof	2	CD16+_NK_cells	CD16+_NK_cells	0.2836088714905669	0.11488788045844314	0.05536498215440175	0.11106431763088034	2
dataset_name-Levine_seed-420_sub-sampling-100000	dgcytof	3	CD16-_NK_cells	CD16-_NK_cells	0.28876683104138723	0.4072922002522697	0.09337051389195894	0.5358920973994683	2
dataset_name-Levine_seed-420_sub-sampling-100000	dgcytof	4	CD34+CD38+CD123+_HSPCs	CD34+CD38+CD123+_HSPCs	0.21153669514099385	0.10067194919069981	0.030743773095067303	0.09432761150578965	2
dataset_name-Levine_seed-420_sub-sampling-100000	dgcytof	5	CD34+CD38+CD123-_HSPCs	CD34+CD38+CD123-_HSPCs	0.5542014111610005	NA	0.3234199359159222	0.4971035467413971	2
dataset_name-Levine_seed-420_sub-sampling-100000	dgcytof	6	CD34+CD38lo_HSCs	CD34+CD38lo_HSCs	0.06826828669612175	0.0881279990543617	0.09198136991044523	0.05161667158283062	2
dataset_name-Levine_seed-420_sub-sampling-100000	dgcytof	7	CD4_T_cells	CD4_T_cells	0.31388804156480204	0.4245760662808424	0.062083889330819826	0.5609431724345746	2
dataset_name-Levine_seed-420_sub-sampling-100000	dgcytof	8	CD8_T_cells	CD8_T_cells	0.4628532275546787	0.2577859860666617	0.02542664433559523	0.5167494759189173	2
dataset_name-Levine_seed-420_sub-sampling-100000	dgcytof	9	Mature_B_cells	Mature_B_cells	0.4605140537758468	0.22117985776333707	0.011567268296098618	0.4181304530720906	2
dataset_name-Levine_seed-420_sub-sampling-100000	random	1	Basophils	Basophils	0.006938190362055232	0.002208784185908808	0.0012279415422695847	0.00542417050848226	2
dataset_name-Levine_seed-420_sub-sampling-100000	random	10	Monocytes	Monocytes	0.0733507714746163	0.0021610898093545206	0.00900206235892288	0.0032620034732857915	2
dataset_name-Levine_seed-420_sub-sampling-100000	random	11	Plasma_B_cells	Plasma_B_cells	0.0014474183188253353	9.544800055751019e-4	4.8665277417500954e-4	0.024483333987443963	2
dataset_name-Levine_seed-420_sub-sampling-100000	random	12	Pre_B_cells	Pre_B_cells	0.03818228577575814	0.01258737904766529	0.01276562384375713	0.002822555372741621	2
dataset_name-Levine_seed-420_sub-sampling-100000	random	13	Pro_B_cells	Pro_B_cells	0.003947144684046879	0.0029646053137063234	0.0016047680432469801	0.005303581768950426	2
dataset_name-Levine_seed-420_sub-sampling-100000	random	14	pDCs	pDCs	0.011109133303421035	0.006300419045244579	0.003689602853410227	0.003920548026912109	2
dataset_name-Levine_seed-420_sub-sampling-100000	random	15	ungated	ungated	0.11958567470778761	0.0018004219775866932	0.04044164244974772	6.018051332416381e-4	2
dataset_name-Levine_seed-420_sub-sampling-100000	random	2	CD16+_NK_cells	CD16+_NK_cells	0.013217466455350824	0.004518687736337555	0.002731626598165322	0.006705016554725853	2
dataset_name-Levine_seed-420_sub-sampling-100000	random	3	CD16-_NK_cells	CD16-_NK_cells	0.025206403096176534	0.001163267190486803	0.0012843655608026448	0.007132372259551677	2
dataset_name-Levine_seed-420_sub-sampling-100000	random	4	CD34+CD38+CD123+_HSPCs	CD34+CD38+CD123+_HSPCs	0.0018553451770537011	6.739620010728777e-4	3.501096291000683e-4	1.9107551284089645e-4	2
dataset_name-Levine_seed-420_sub-sampling-100000	random	5	CD34+CD38+CD123-_HSPCs	CD34+CD38+CD123-_HSPCs	0.02439564892495632	0.01105853058757704	0.007492946591946652	0.014053499215000952	2
dataset_name-Levine_seed-420_sub-sampling-100000	random	6	CD34+CD38lo_HSCs	CD34+CD38lo_HSCs	0.007793714598940252	9.444455637627742e-4	4.922887545977455e-4	0.011262745848088429	2
dataset_name-Levine_seed-420_sub-sampling-100000	random	7	CD4_T_cells	CD4_T_cells	0.08086772500023906	0.004075884673364831	0.012415437499968008	2.5506440911126103e-4	2
dataset_name-Levine_seed-420_sub-sampling-100000	random	8	CD8_T_cells	CD8_T_cells	0.07351893515069749	0.008142480321187931	0.018491153303167814	9.728233027663394e-4	2
dataset_name-Levine_seed-420_sub-sampling-100000	random	9	Mature_B_cells	Mature_B_cells	0.06224764808054582	0.005909888943071792	0.008532178361512776	0.002686087448013835	2
dataset_name-Levine_seed-420_sub-sampling-50000	cyanno	1	Basophils	Basophils	0.09996109958506223	0.1149598654372009	0.005992430349038522	0.07184018859835137	2
dataset_name-Levine_seed-420_sub-sampling-50000	cyanno	10	Monocytes	Monocytes	0.22472302809120864	0.18435251010105919	7.192672901320715e-4	0.15833836237267868	2
dataset_name-Levine_seed-420_sub-sampling-50000	cyanno	11	Plasma_B_cells	Plasma_B_cells	0.17847697218422254	0.208037070324469	0.11785113019775793	0.15904132938565033	2
dataset_name-Levine_seed-420_sub-sampling-50000	cyanno	12	Pre_B_cells	Pre_B_cells	0.238019530807919	0.18644176661666875	0.008949940121146754	0.1666642503553833	2
dataset_name-Levine_seed-420_sub-sampling-50000	cyanno	13	Pro_B_cells	Pro_B_cells	0.06106934001670843	0.04595898711471461	0.050507627227610555	0.026045979958531976	2
dataset_name-Levine_seed-420_sub-sampling-50000	cyanno	14	pDCs	pDCs	0.028605046669830724	0.02121264410417641	0	0.01124285700723187	2
dataset_name-Levine_seed-420_sub-sampling-50000	cyanno	15	ungated	ungated	0.7082152661177663	0.05181936547636888	0.027185589688999867	0.09295998143286875	2
dataset_name-Levine_seed-420_sub-sampling-50000	cyanno	2	CD16+_NK_cells	CD16+_NK_cells	0.14699453551912567	0.16924195090694416	0.007537292063197262	0.11944304982735882	2
dataset_name-Levine_seed-420_sub-sampling-50000	cyanno	3	CD16-_NK_cells	CD16-_NK_cells	0.20031355646569776	0.20329437317938218	5.161363366325315e-4	0.16439828158347292	2
dataset_name-Levine_seed-420_sub-sampling-50000	cyanno	4	CD34+CD38+CD123+_HSPCs	CD34+CD38+CD123+_HSPCs	0.016129032258064516	NA	NA	0.005795957222840554	2
dataset_name-Levine_seed-420_sub-sampling-50000	cyanno	5	CD34+CD38+CD123-_HSPCs	CD34+CD38+CD123-_HSPCs	0.16861067575094232	0.0980156628481774	0.002156056814459246	0.07144994609218325	2
dataset_name-Levine_seed-420_sub-sampling-50000	cyanno	6	CD34+CD38lo_HSCs	CD34+CD38lo_HSCs	0.06008930267908037	0.047762960424058074	0.013094570021973121	0.027214055578639016	2
dataset_name-Levine_seed-420_sub-sampling-50000	cyanno	7	CD4_T_cells	CD4_T_cells	0.3465759422966639	0.12284905808992988	0.002741626204534666	0.14624012618035886	2
dataset_name-Levine_seed-420_sub-sampling-50000	cyanno	8	CD8_T_cells	CD8_T_cells	0.37725765575293235	0.08316884702066084	0.0019106012248392163	0.10797320131588162	2
dataset_name-Levine_seed-420_sub-sampling-50000	cyanno	9	Mature_B_cells	Mature_B_cells	0.3989370429285274	0.025830991437461842	0.010206436198575126	0.041389469978868436	2
dataset_name-Levine_seed-420_sub-sampling-50000	cygate	1	Basophils	Basophils	0.5296616287197351	0.07138074871259927	0.0678879172919882	0.010088624391313257	2
dataset_name-Levine_seed-420_sub-sampling-50000	cygate	10	Monocytes	Monocytes	0.5818339666412462	0.00754064751896416	0.00480348977318506	0.0159101416805807	2
dataset_name-Levine_seed-420_sub-sampling-50000	cygate	11	Plasma_B_cells	Plasma_B_cells	0.25187185081702174	0.3030568627233663	0.217953730655952	0.47772603735336355	2
dataset_name-Levine_seed-420_sub-sampling-50000	cygate	12	Pre_B_cells	Pre_B_cells	0.562650550629278	0.0823746113133436	0.0789019655111515	0.009888671256226198	2
dataset_name-Levine_seed-420_sub-sampling-50000	cygate	13	Pro_B_cells	Pro_B_cells	0.3278487838062366	0.3463833902993813	0.2422407923516749	0.6040577379597586	2
dataset_name-Levine_seed-420_sub-sampling-50000	cygate	14	pDCs	pDCs	0.4914426545831981	0.05134987905315822	0.04300245943677237	0.023713946930036676	2
dataset_name-Levine_seed-420_sub-sampling-50000	cygate	15	ungated	ungated	0.07549852659285326	0.03352358085090086	0.0714603606725025	0.018147903319261416	2
dataset_name-Levine_seed-420_sub-sampling-50000	cygate	2	CD16+_NK_cells	CD16+_NK_cells	0.5251651191354332	0.022124573952480724	0.01064788022661561	0.06450828395584052	2
dataset_name-Levine_seed-420_sub-sampling-50000	cygate	3	CD16-_NK_cells	CD16-_NK_cells	0.530655776779824	0.03542350978764085	0.05813397652814356	0.11138447426173129	2
dataset_name-Levine_seed-420_sub-sampling-50000	cygate	4	CD34+CD38+CD123+_HSPCs	CD34+CD38+CD123+_HSPCs	0.009279192543589616	0.007875214257030224	0.0037916089907561977	0.05407437013397395	2
dataset_name-Levine_seed-420_sub-sampling-50000	cygate	5	CD34+CD38+CD123-_HSPCs	CD34+CD38+CD123-_HSPCs	0.5802761359567334	0.04810742334534288	0.0533575359141728	0.0236253311338149	2
dataset_name-Levine_seed-420_sub-sampling-50000	cygate	6	CD34+CD38lo_HSCs	CD34+CD38lo_HSCs	0.5881227793658002	0.020204670027973583	0.01687168043042921	0.020172715979796377	2
dataset_name-Levine_seed-420_sub-sampling-50000	cygate	7	CD4_T_cells	CD4_T_cells	0.5894610647729565	0.05260230565128365	0.05148920446051362	0.009830892160952339	2
dataset_name-Levine_seed-420_sub-sampling-50000	cygate	8	CD8_T_cells	CD8_T_cells	0.6029311129771456	0.04063011001598682	0.04159077909745469	6.902408682866924e-4	2
dataset_name-Levine_seed-420_sub-sampling-50000	cygate	9	Mature_B_cells	Mature_B_cells	0.6202758647082371	0.028447208184375166	0.025381825019705373	0.023513503318979393	2
dataset_name-Levine_seed-420_sub-sampling-50000	dgcytof	1	Basophils	Basophils	0.3218080149114632	0.17226254669353547	0.040458617357799084	0.25555460990174556	2
dataset_name-Levine_seed-420_sub-sampling-50000	dgcytof	10	Monocytes	Monocytes	0.23280720593946955	0.26970466800380755	0.011331428910235452	0.25314279215166463	2
dataset_name-Levine_seed-420_sub-sampling-50000	dgcytof	11	Plasma_B_cells	Plasma_B_cells	0.4029475736893422	0.1265929563258298	0.02231224066131369	0.2570750068681616	2
dataset_name-Levine_seed-420_sub-sampling-50000	dgcytof	12	Pre_B_cells	Pre_B_cells	0.15448015545314356	0.1729922149140377	0.04386603961030479	0.12462813337628786	2
dataset_name-Levine_seed-420_sub-sampling-50000	dgcytof	13	Pro_B_cells	Pro_B_cells	0.13250593567882582	0.07475521291283639	0.007993381004717503	0.055328043708287936	2
dataset_name-Levine_seed-420_sub-sampling-50000	dgcytof	14	pDCs	pDCs	0.16341754205065412	0.20713758290155646	0.06101936690442287	0.1690690016331424	2
dataset_name-Levine_seed-420_sub-sampling-50000	dgcytof	15	ungated	ungated	0.6975008576178419	0.038914919573754106	0.03177665298630038	0.04937760218869317	2
dataset_name-Levine_seed-420_sub-sampling-50000	dgcytof	2	CD16+_NK_cells	CD16+_NK_cells	0.055267599476214194	0.05627075825457393	0.0036658761697459007	0.03204429289846894	2
dataset_name-Levine_seed-420_sub-sampling-50000	dgcytof	3	CD16-_NK_cells	CD16-_NK_cells	0.3252848979140491	0.3133491110749452	0.001408213737828166	0.5738151780678934	2
dataset_name-Levine_seed-420_sub-sampling-50000	dgcytof	4	CD34+CD38+CD123+_HSPCs	CD34+CD38+CD123+_HSPCs	0.19955551065764218	0.22266827541314332	0.18873902806107096	0.5234832133464451	2
dataset_name-Levine_seed-420_sub-sampling-50000	dgcytof	5	CD34+CD38+CD123-_HSPCs	CD34+CD38+CD123-_HSPCs	0.26414160795439845	0.15910222711104677	0.04235430264014728	0.18119333826588838	2
dataset_name-Levine_seed-420_sub-sampling-50000	dgcytof	6	CD34+CD38lo_HSCs	CD34+CD38lo_HSCs	0.4458206525585675	0.0998594189771079	5.508349156242936e-5	0.22886477140025854	2
dataset_name-Levine_seed-420_sub-sampling-50000	dgcytof	7	CD4_T_cells	CD4_T_cells	0.20250216997327358	0.2607543193412192	0.057664721426492725	0.21936155320068468	2
dataset_name-Levine_seed-420_sub-sampling-50000	dgcytof	8	CD8_T_cells	CD8_T_cells	0.47378499329188034	0.03257496296761431	0.051823223491398576	0.010487428962679015	2
dataset_name-Levine_seed-420_sub-sampling-50000	dgcytof	9	Mature_B_cells	Mature_B_cells	0.05567192667559491	0.07850248813911305	0.17344756732494881	0.04422095817193144	2
dataset_name-Levine_seed-420_sub-sampling-50000	random	1	Basophils	Basophils	0.006938190362055232	0.002208784185908808	0.0012279415422695847	0.00542417050848226	2
dataset_name-Levine_seed-420_sub-sampling-50000	random	10	Monocytes	Monocytes	0.0733507714746163	0.0021610898093545206	0.00900206235892288	0.0032620034732857915	2
dataset_name-Levine_seed-420_sub-sampling-50000	random	11	Plasma_B_cells	Plasma_B_cells	0.0014474183188253353	9.544800055751019e-4	4.8665277417500954e-4	0.024483333987443963	2
dataset_name-Levine_seed-420_sub-sampling-50000	random	12	Pre_B_cells	Pre_B_cells	0.03818228577575814	0.01258737904766529	0.01276562384375713	0.002822555372741621	2
dataset_name-Levine_seed-420_sub-sampling-50000	random	13	Pro_B_cells	Pro_B_cells	0.003947144684046879	0.0029646053137063234	0.0016047680432469801	0.005303581768950426	2
dataset_name-Levine_seed-420_sub-sampling-50000	random	14	pDCs	pDCs	0.011109133303421035	0.006300419045244579	0.003689602853410227	0.003920548026912109	2
dataset_name-Levine_seed-420_sub-sampling-50000	random	15	ungated	ungated	0.11958567470778761	0.0018004219775866932	0.04044164244974772	6.018051332416381e-4	2
dataset_name-Levine_seed-420_sub-sampling-50000	random	2	CD16+_NK_cells	CD16+_NK_cells	0.013217466455350824	0.004518687736337555	0.002731626598165322	0.006705016554725853	2
dataset_name-Levine_seed-420_sub-sampling-50000	random	3	CD16-_NK_cells	CD16-_NK_cells	0.025206403096176534	0.001163267190486803	0.0012843655608026448	0.007132372259551677	2
dataset_name-Levine_seed-420_sub-sampling-50000	random	4	CD34+CD38+CD123+_HSPCs	CD34+CD38+CD123+_HSPCs	0.0018553451770537011	6.739620010728777e-4	3.501096291000683e-4	1.9107551284089645e-4	2
dataset_name-Levine_seed-420_sub-sampling-50000	random	5	CD34+CD38+CD123-_HSPCs	CD34+CD38+CD123-_HSPCs	0.02439564892495632	0.01105853058757704	0.007492946591946652	0.014053499215000952	2
dataset_name-Levine_seed-420_sub-sampling-50000	random	6	CD34+CD38lo_HSCs	CD34+CD38lo_HSCs	0.007793714598940252	9.444455637627742e-4	4.922887545977455e-4	0.011262745848088429	2
dataset_name-Levine_seed-420_sub-sampling-50000	random	7	CD4_T_cells	CD4_T_cells	0.08086772500023906	0.004075884673364831	0.012415437499968008	2.5506440911126103e-4	2
dataset_name-Levine_seed-420_sub-sampling-50000	random	8	CD8_T_cells	CD8_T_cells	0.07351893515069749	0.008142480321187931	0.018491153303167814	9.728233027663394e-4	2
dataset_name-Levine_seed-420_sub-sampling-50000	random	9	Mature_B_cells	Mature_B_cells	0.06224764808054582	0.005909888943071792	0.008532178361512776	0.002686087448013835	2
dataset_name-Samusik_seed-42	cyanno	1	B-cell Frac A-C (pro-B cells)	B-cell Frac A-C (pro-B cells)	0.1912298402437727	0.07567276144993529	0.017394111931515566	0.048471839934263336	5
dataset_name-Samusik_seed-42	cyanno	10	HSC	HSC	NA	NA	NA	0	5
dataset_name-Samusik_seed-42	cyanno	11	IgD- IgMpos B cells	IgD- IgMpos B cells	0.9388573769798392	0.004260029781669172	0.002289806507466787	0.009645106050068958	5
dataset_name-Samusik_seed-42	cyanno	12	IgDpos IgMpos B cells	IgDpos IgMpos B cells	0.9824710066527105	8.189188704516694e-4	8.061456654741833e-4	0.002060468729174921	5
dataset_name-Samusik_seed-42	cyanno	13	IgM- IgD- B-cells	IgM- IgD- B-cells	0.8954948825369627	0.008674150882146868	0.010710557788837454	0.022394430220184544	5
dataset_name-Samusik_seed-42	cyanno	14	Intermediate Monocytes	Intermediate Monocytes	0.944202179259359	0.006246037506426439	0.0038491161902195013	0.016090933226013616	5
dataset_name-Samusik_seed-42	cyanno	15	MEP	MEP	0.675429581070087	0.04631674571023227	0.01681589849394127	0.07952820525423296	5
dataset_name-Samusik_seed-42	cyanno	16	MPP	MPP	0.11115564335803471	0.05706757129541767	0.009779396944796894	0.031871593643688315	5
dataset_name-Samusik_seed-42	cyanno	17	Macrophages	Macrophages	0.5236171564628048	0.03352291671017861	0.020841699609527455	0.0371797291640271	5
dataset_name-Samusik_seed-42	cyanno	18	NK cells	NK cells	0.8308863255084502	0.05046339118892129	0.012128942969094204	0.08031618115038165	5
dataset_name-Samusik_seed-42	cyanno	19	NKT cells	NKT cells	0.9273443710807956	0.009460031994811116	0.0033340993691435114	0.020614594274729073	5
dataset_name-Samusik_seed-42	cyanno	2	Basophils	Basophils	0.7816698656855148	0.015513065344887939	0.02205754558798088	0.03404562930763415	5
dataset_name-Samusik_seed-42	cyanno	20	Non-Classical Monocytes	Non-Classical Monocytes	0.9455955040259297	0.009021262153904891	0.008103923241776704	0.014863685125659307	5
dataset_name-Samusik_seed-42	cyanno	21	Plasma Cells	Plasma Cells	0.5796548978076023	0.2637037355132266	0.03390460500023808	0.3135349705830898	5
dataset_name-Samusik_seed-42	cyanno	22	gd T cells	gd T cells	0.14874554160136905	0.11298318285844147	0.025455554423989418	0.06654310474104169	5
dataset_name-Samusik_seed-42	cyanno	23	mDCs	mDCs	0.40561127397409624	0.11186822742406886	0.02743052365502355	0.092957252162425	5
dataset_name-Samusik_seed-42	cyanno	24	pDCs	pDCs	0.9800432107194763	6.996183411479183e-4	0.0012338963432172432	0.001682986343278175	5
dataset_name-Samusik_seed-42	cyanno	25	ungated	ungated	0.9066347832927514	0.001986036942363222	0.004035545941318133	0.0018053206762612822	5
dataset_name-Samusik_seed-42	cyanno	3	CD4 T cells	CD4 T cells	0.9258523325085257	0.008274195596475584	0.006478329549146467	0.01475257890197096	5
dataset_name-Samusik_seed-42	cyanno	4	CD8 T cells	CD8 T cells	0.9736724452652098	0.004234170540968458	0.002522139903562676	0.00811159518071915	5
dataset_name-Samusik_seed-42	cyanno	5	CLP	CLP	NA	NA	NA	0	5
dataset_name-Samusik_seed-42	cyanno	6	CMP	CMP	0.11173662853571435	0.0692764151671813	0.014832127803439924	0.040312640582431836	5
dataset_name-Samusik_seed-42	cyanno	7	Classical Monocytes	Classical Monocytes	0.9560990050216895	0.002676547869050152	0.005033895972467064	0.006704400299581526	5
dataset_name-Samusik_seed-42	cyanno	8	Eosinophils	Eosinophils	0.9553137461123637	0.0015009316520865966	0.0025805883932304295	0.00548880341934347	5
dataset_name-Samusik_seed-42	cyanno	9	GMP	GMP	0.6569801061711107	0.04454390244412561	0.02804737273311263	0.05531859354144489	5
dataset_name-Samusik_seed-42	cygate	1	B-cell Frac A-C (pro-B cells)	B-cell Frac A-C (pro-B cells)	0.09739738588448282	0.046922749738236735	0.10282311787335159	0.0317915168356528	5
dataset_name-Samusik_seed-42	cygate	10	HSC	HSC	0.03527934714375393	0.027309781875496573	0.01753963117875776	0.13416438492675503	5
dataset_name-Samusik_seed-42	cygate	11	IgD- IgMpos B cells	IgD- IgMpos B cells	0.7922711934973269	0.006963944253025083	0.010249461470071232	0.0018044769290457322	5
dataset_name-Samusik_seed-42	cygate	12	IgDpos IgMpos B cells	IgDpos IgMpos B cells	0.9345689204481193	0.016323445534082333	0.029349093783482706	9.434870129431606e-5	5
dataset_name-Samusik_seed-42	cygate	13	IgM- IgD- B-cells	IgM- IgD- B-cells	0.5232533877397668	0.03002004668352632	0.027932721112305874	0.0021520105162937076	5
dataset_name-Samusik_seed-42	cygate	14	Intermediate Monocytes	Intermediate Monocytes	0.8377555949551317	0.024819721064469565	0.03693548713835968	0.0020898982988390258	5
dataset_name-Samusik_seed-42	cygate	15	MEP	MEP	0.680939854533498	0.012102126912793054	0.013847327499981812	0.0030012861997276426	5
dataset_name-Samusik_seed-42	cygate	16	MPP	MPP	0.3735249407078468	0.03150548476080086	0.025568326727251428	0.03905818896007979	5
dataset_name-Samusik_seed-42	cygate	17	Macrophages	Macrophages	0.46926196034434314	0.006440024765388683	0.00587268527627886	0.010559198564114402	5
dataset_name-Samusik_seed-42	cygate	18	NK cells	NK cells	0.5173851708685407	0.010175762760950046	0.01011664940206652	0.010516186045454876	5
dataset_name-Samusik_seed-42	cygate	19	NKT cells	NKT cells	0.6784061895563878	0.01701117744088796	0.007813011094294641	0.0382032294128801	5
dataset_name-Samusik_seed-42	cygate	2	Basophils	Basophils	0.6284498305412706	0.012577763947277895	0.013102330092899366	0.02794237052694948	5
dataset_name-Samusik_seed-42	cygate	20	Non-Classical Monocytes	Non-Classical Monocytes	0.7795661804819563	0.1766865772858713	0.037081042762453914	0.26727406417340255	5
dataset_name-Samusik_seed-42	cygate	21	Plasma Cells	Plasma Cells	0.7874744118442414	0.0389205960868049	0.06579256390797225	0.02070740562676345	5
dataset_name-Samusik_seed-42	cygate	22	gd T cells	gd T cells	0.2992852256146644	0.01925192730007177	0.014622696027434679	0.013585199430488743	5
dataset_name-Samusik_seed-42	cygate	23	mDCs	mDCs	0.6492457783247948	0.01864313054299897	0.021396121745781375	0.009445812680234901	5
dataset_name-Samusik_seed-42	cygate	24	pDCs	pDCs	0.943734064083661	0.005992307180083996	0.004637484893355308	0.013559158682805408	5
dataset_name-Samusik_seed-42	cygate	25	ungated	ungated	0.41882776923927484	0.02046244946148479	0.0026057512134438914	0.01665600772709674	5
dataset_name-Samusik_seed-42	cygate	3	CD4 T cells	CD4 T cells	0.652914616894281	6.223109010042768e-4	7.212711957504917e-4	0.003539702351689014	5
dataset_name-Samusik_seed-42	cygate	4	CD8 T cells	CD8 T cells	0.7881731590837325	0.011589210720493232	0.01631373319217798	0.0018773717557666852	5
dataset_name-Samusik_seed-42	cygate	5	CLP	CLP	0.09788666796443847	0.02064113631826614	0.01088348170499723	0.1789289944026768	5
dataset_name-Samusik_seed-42	cygate	6	CMP	CMP	0.3562819039376358	0.005956916275491888	0.004463800124348475	0.0026808627087136962	5
dataset_name-Samusik_seed-42	cygate	7	Classical Monocytes	Classical Monocytes	0.8269707534222316	0.018321760970433077	0.026160086498818527	0.0018672856326645499	5
dataset_name-Samusik_seed-42	cygate	8	Eosinophils	Eosinophils	0.864022069314939	0.007981252156530639	0.00362277088338439	0.021531885456020926	5
dataset_name-Samusik_seed-42	cygate	9	GMP	GMP	0.5114899474392041	0.0325063879998575	0.031121381740671857	0.008648379961483009	5
dataset_name-Samusik_seed-42	dgcytof	1	B-cell Frac A-C (pro-B cells)	B-cell Frac A-C (pro-B cells)	0.5408876325181435	0.04946578486036529	0.0606665582615452	0.08398908351219268	5
dataset_name-Samusik_seed-42	dgcytof	10	HSC	HSC	0.1111111111111111	NA	0.11547005383792516	0.034401045807689073	5
dataset_name-Samusik_seed-42	dgcytof	11	IgD- IgMpos B cells	IgD- IgMpos B cells	0.9008572664724777	0.003482283415229506	0.02625311773967533	0.028466044755085195	5
dataset_name-Samusik_seed-42	dgcytof	12	IgDpos IgMpos B cells	IgDpos IgMpos B cells	0.966610083534362	0.0040517805500766505	0.012710103220836641	0.006203933077366987	5
dataset_name-Samusik_seed-42	dgcytof	13	IgM- IgD- B-cells	IgM- IgD- B-cells	0.8461573507408247	0.013253290889403505	0.04464465652163783	0.06138439103766349	5
dataset_name-Samusik_seed-42	dgcytof	14	Intermediate Monocytes	Intermediate Monocytes	0.9203152058180735	0.004332680199532851	0.020147727334948188	0.02391319909528341	5
dataset_name-Samusik_seed-42	dgcytof	15	MEP	MEP	0.7111162594885857	0.026603991689104625	0.03817739312633777	0.10992152778941888	5
dataset_name-Samusik_seed-42	dgcytof	16	MPP	MPP	0.5566631907634598	0.08396861831654878	0.04382903732227784	0.16000347646925153	5
dataset_name-Samusik_seed-42	dgcytof	17	Macrophages	Macrophages	0.5430188158504681	0.07839293008420245	0.027105154128751044	0.10887890897886508	5
dataset_name-Samusik_seed-42	dgcytof	18	NK cells	NK cells	0.7620255306832443	0.019925054077732148	0.0710935921160928	0.08982418385732517	5
dataset_name-Samusik_seed-42	dgcytof	19	NKT cells	NKT cells	0.869836664422878	0.014440083850257355	0.05363970018998727	0.03727307558266659	5
dataset_name-Samusik_seed-42	dgcytof	2	Basophils	Basophils	0.7753607294129755	0.04120401155597035	0.06014199218895	0.11798041713716127	5
dataset_name-Samusik_seed-42	dgcytof	20	Non-Classical Monocytes	Non-Classical Monocytes	0.8953201010926952	0.015185823365558801	0.03679051691930005	0.04703693333088938	5
dataset_name-Samusik_seed-42	dgcytof	21	Plasma Cells	Plasma Cells	0.6962860890136549	0.2620524232593738	0.034581430408623784	0.307222828699279	5
dataset_name-Samusik_seed-42	dgcytof	22	gd T cells	gd T cells	0.6102854733325501	0.0754208512221614	0.07596317024880267	0.11796295829774223	5
dataset_name-Samusik_seed-42	dgcytof	23	mDCs	mDCs	0.5207096554412058	0.14348365776859134	0.08676202698140474	0.24450052915469916	5
dataset_name-Samusik_seed-42	dgcytof	24	pDCs	pDCs	0.9598718967570216	0.0017564170424722906	0.008900328738009347	0.009271920891059793	5
dataset_name-Samusik_seed-42	dgcytof	25	ungated	ungated	0.8571575848374826	0.005863103112296544	0.010218086777994151	0.017470044448501167	5
dataset_name-Samusik_seed-42	dgcytof	3	CD4 T cells	CD4 T cells	0.7981230167449654	0.01289584043317175	0.028622182889437707	0.03265131882442781	5
dataset_name-Samusik_seed-42	dgcytof	4	CD8 T cells	CD8 T cells	0.892851151481417	0.008908775930320509	0.05102673759264014	0.04971651433044369	5
dataset_name-Samusik_seed-42	dgcytof	5	CLP	CLP	0.15841145847102966	0.11151174185368043	0.15913172388080474	0.13001334577706447	5
dataset_name-Samusik_seed-42	dgcytof	6	CMP	CMP	0.5603574193700683	0.05791018879733525	0.0657203116267454	0.10254522090965766	5
dataset_name-Samusik_seed-42	dgcytof	7	Classical Monocytes	Classical Monocytes	0.9306845657707854	0.007722985255397227	0.03000918013375368	0.024040537145860994	5
dataset_name-Samusik_seed-42	dgcytof	8	Eosinophils	Eosinophils	0.9391679797060615	0.004554134594681549	0.008944230295909628	0.016640897613846548	5
dataset_name-Samusik_seed-42	dgcytof	9	GMP	GMP	0.698110003524714	0.0026040760285566005	0.07041422137122216	0.08988478615726372	5
dataset_name-Samusik_seed-42	random	1	B-cell Frac A-C (pro-B cells)	B-cell Frac A-C (pro-B cells)	0.008608932902289056	3.240729396271452e-4	1.7610869609627683e-4	0.0020287252598192767	5
dataset_name-Samusik_seed-42	random	10	HSC	HSC	7.946691134429453e-5	2.8848294874607813e-5	1.4433958845169464e-5	0.020565480266609	5
dataset_name-Samusik_seed-42	random	11	IgD- IgMpos B cells	IgD- IgMpos B cells	0.04745110446171522	0.0011532883103056028	0.0022137720850583208	7.833909555663178e-4	5
dataset_name-Samusik_seed-42	random	12	IgDpos IgMpos B cells	IgDpos IgMpos B cells	0.06184406890607156	0.0016864992267233369	0.0037401339279270716	0.001104626690449053	5
dataset_name-Samusik_seed-42	random	13	IgM- IgD- B-cells	IgM- IgD- B-cells	0.031190998481226855	0.0016059595180340374	0.0014961698917763495	0.0016584146164717508	5
dataset_name-Samusik_seed-42	random	14	Intermediate Monocytes	Intermediate Monocytes	0.05698206639443295	6.225818898533155e-4	0.0017594539197863612	5.432198675955782e-4	5
dataset_name-Samusik_seed-42	random	15	MEP	MEP	0.011222184703110354	3.5123662958387835e-4	2.2540548494753306e-4	4.6284094370015687e-4	5
dataset_name-Samusik_seed-42	random	16	MPP	MPP	0.0028710669638129303	2.1567416105868322e-4	1.1115925600431472e-4	0.0035651213508382275	5
dataset_name-Samusik_seed-42	random	17	Macrophages	Macrophages	0.006327395385105478	5.909524447922281e-4	3.235941832454645e-4	0.0034808026096224526	5
dataset_name-Samusik_seed-42	random	18	NK cells	NK cells	0.006841981806927217	6.325206633656585e-4	3.6373329054860295e-4	0.001993327357057366	5
dataset_name-Samusik_seed-42	random	19	NKT cells	NKT cells	0.015997732506773443	9.352958522995131e-4	6.004806606127749e-4	0.0021026914987147443	5
dataset_name-Samusik_seed-42	random	2	Basophils	Basophils	0.008389955367746761	5.583938823049465e-4	3.134837373083697e-4	0.0026270352842810846	5
dataset_name-Samusik_seed-42	random	20	Non-Classical Monocytes	Non-Classical Monocytes	0.015355006042042695	0.0011443909907039318	7.113895359399306e-4	0.003042187229965613	5
dataset_name-Samusik_seed-42	random	21	Plasma Cells	Plasma Cells	0.0034050328708366694	4.904087392950239e-4	2.6257597446814623e-4	0.0033815957574856842	5
dataset_name-Samusik_seed-42	random	22	gd T cells	gd T cells	0.001002381894849608	2.034202603372982e-4	1.0278485583023154e-4	0.009683090848902055	5
dataset_name-Samusik_seed-42	random	23	mDCs	mDCs	0.002661740873773267	5.044272211334994e-4	2.60907251041575e-4	0.007543865709948724	5
dataset_name-Samusik_seed-42	random	24	pDCs	pDCs	0.03538371476520468	0.0018583684271979348	0.0016051410970196788	0.00220318418294353	5
dataset_name-Samusik_seed-42	random	25	ungated	ungated	0.07190842577977061	2.0634331332714898e-4	0.00326067369547368	9.855254602527945e-5	5
dataset_name-Samusik_seed-42	random	3	CD4 T cells	CD4 T cells	0.011235873974135167	8.753296770105812e-4	5.100928971424111e-4	0.0033239482026652415	5
dataset_name-Samusik_seed-42	random	4	CD8 T cells	CD8 T cells	0.020962976614572255	6.751492714624598e-4	5.232421026719583e-4	8.303634028985901e-4	5
dataset_name-Samusik_seed-42	random	5	CLP	CLP	0.0010885586247910768	1.9056624430695857e-4	9.670566175186525e-5	0.006506574723627539	5
dataset_name-Samusik_seed-42	random	6	CMP	CMP	0.004602128336793713	6.792715803882317e-4	3.604716518128696e-4	0.005942539461095235	5
dataset_name-Samusik_seed-42	random	7	Classical Monocytes	Classical Monocytes	0.0605722288593156	4.170892594142778e-4	0.002295910868844029	3.701141237441034e-4	5
dataset_name-Samusik_seed-42	random	8	Eosinophils	Eosinophils	0.048899361713299824	0.001409259751588634	0.002413031876142318	9.809388899532272e-4	5
dataset_name-Samusik_seed-42	random	9	GMP	GMP	0.012074116903142694	6.852410728361663e-4	3.871480218190291e-4	0.0028969794644185098	5
dataset_name-Transformed_seed-42	cyanno	1	B-cells IgM+	B-cells IgM+	0.9357585137587497	0.008243061837678865	0.009769793541470471	0.013174097430630466	5
dataset_name-Transformed_seed-42	cyanno	2	B-cells IgM-	B-cells IgM-	0.7586109088085428	0.08974034401965367	0.04102158051228045	0.1556487029449888	5
dataset_name-Transformed_seed-42	cyanno	3	CD4 T-cells	CD4 T-cells	0.9551006466761001	0.009870543089614912	0.013185825531263509	0.017253494578164722	5
dataset_name-Transformed_seed-42	cyanno	4	CD8 T-cells	CD8 T-cells	0.892145852561496	0.01173814273971486	0.028328459197156316	0.00900097302672231	5
dataset_name-Transformed_seed-42	cyanno	5	DC	DC	0.6915440169245551	0.07998492037914837	0.02768522951639595	0.09715429286239906	5
dataset_name-Transformed_seed-42	cyanno	6	NK cells	NK cells	0.9078621778564693	0.005605561477996555	0.025447061924937685	0.021238956558327526	5
dataset_name-Transformed_seed-42	cyanno	7	monocytes	monocytes	0.8539591280164481	0.01929251715741338	0.00823972292843136	0.036472846253117044	5
dataset_name-Transformed_seed-42	cyanno	8	ungated	ungated	0.8558031496812223	0.02018045685175285	0.028694190689723207	0.018206991023204694	5
dataset_name-Transformed_seed-42	cygate	1	B-cells IgM+	B-cells IgM+	0.9154645555304746	0.005143703932469404	0.01083503315116956	0.017713545160632546	5
dataset_name-Transformed_seed-42	cygate	2	B-cells IgM-	B-cells IgM-	0.7210553403288849	0.054854029446745896	0.04420335166913903	0.10844383052437877	5
dataset_name-Transformed_seed-42	cygate	3	CD4 T-cells	CD4 T-cells	0.9182165847043352	0.01776829835123951	0.04126115978072403	0.057186669986563715	5
dataset_name-Transformed_seed-42	cygate	4	CD8 T-cells	CD8 T-cells	0.8162154810172778	0.019786596652311004	0.027542514077885202	0.04093451516587244	5
dataset_name-Transformed_seed-42	cygate	5	DC	DC	0.7630156317105271	0.048135784572587895	0.03220479076083285	0.06320287527756234	5
dataset_name-Transformed_seed-42	cygate	6	NK cells	NK cells	0.8314607094780416	0.04047422885440729	0.023334333249650056	0.0981910586496567	5
dataset_name-Transformed_seed-42	cygate	7	monocytes	monocytes	0.7527965108349466	0.04038861590032001	0.05569884873677283	0.045811300859531216	5
dataset_name-Transformed_seed-42	cygate	8	ungated	ungated	0.8118700947282199	0.02463268345690982	0.019884732990436287	0.05850732152998536	5
dataset_name-Transformed_seed-42	dgcytof	1	B-cells IgM+	B-cells IgM+	0.8823643626616487	0.02090095569200308	0.06777317947384574	0.046577140881497794	5
dataset_name-Transformed_seed-42	dgcytof	2	B-cells IgM-	B-cells IgM-	0.6564928290974836	0.09294051625225512	0.06203660019194786	0.17321828291167846	5
dataset_name-Transformed_seed-42	dgcytof	3	CD4 T-cells	CD4 T-cells	0.932255691495462	0.00959413318112503	0.012344179760158279	0.022391280826905918	5
dataset_name-Transformed_seed-42	dgcytof	4	CD8 T-cells	CD8 T-cells	0.8338118967543424	0.00955608712018476	0.040534414044038264	0.04783238359816205	5
dataset_name-Transformed_seed-42	dgcytof	5	DC	DC	0.8307566649431412	0.017942080225465132	0.03243203827715577	0.04923513017135267	5
dataset_name-Transformed_seed-42	dgcytof	6	NK cells	NK cells	0.8450056793342334	0.01615932189448057	0.056963598742540554	0.07755994697899483	5
dataset_name-Transformed_seed-42	dgcytof	7	monocytes	monocytes	0.8077541345019356	0.010557497273794493	0.03333594568059137	0.028859596175416915	5
dataset_name-Transformed_seed-42	dgcytof	8	ungated	ungated	0.7058898023101564	0.050615953567303515	0.029764064929610565	0.08159300545065688	5
dataset_name-Transformed_seed-42	random	1	B-cells IgM+	B-cells IgM+	0.059101297840839125	0.0017705772595600253	0.0013817987725117252	0.001506935872847784	5
dataset_name-Transformed_seed-42	random	2	B-cells IgM-	B-cells IgM-	0.03260460325765479	0.0014030192849687699	7.965664468474761e-4	0.006933888386831002	5
dataset_name-Transformed_seed-42	random	3	CD4 T-cells	CD4 T-cells	0.18487664292366437	0.0024621042555080823	0.0028453817958171072	0.002265651068222681	5
dataset_name-Transformed_seed-42	random	4	CD8 T-cells	CD8 T-cells	0.1756470183562233	0.004698256954813137	0.006425332140465106	0.004120094885385962	5
dataset_name-Transformed_seed-42	random	5	DC	DC	0.02234030366832998	0.001255330345606088	6.763064640622421e-4	0.00874246037067489	5
dataset_name-Transformed_seed-42	random	6	NK cells	NK cells	0.13419365966722013	0.0018052142589510755	0.002529148523878133	0.0018251760177972168	5
dataset_name-Transformed_seed-42	random	7	monocytes	monocytes	0.11325693895272712	0.004336842125409272	0.0033808938035160335	0.0070867602605803465	5
dataset_name-Transformed_seed-42	random	8	ungated	ungated	0.038491024790105625	0.0017532181617190578	0.001106965279800067	0.00389419669540721	5
